F1,F2,Class
0.800062313,-0.957488508,1
1.187098681,1.159787161,1
0.154512484,1.217519713,0
0.179013985,-0.852832252,1
-0.735827378,-0.245366182,0
0.039486605,1.32095672,1
-1.482198561,0.419738251,0
-0.622828663,-0.803222996,0
0.965721173,-1.068587488,1
0.798458555,-1.022348447,1
-2.117742148,1.593816452,0
0.846654268,-0.846577199,1
0.007085643,-0.563818313,1
0.901524881,-1.087144703,1
-1.220115808,1.807544161,0
-1.268745473,-1.683788559,0
0.608306866,1.12527802,1
1.155470588,-1.022818625,1
1.504941473,0.022189907,1
1.191453948,-1.012655368,1
-2.691420067,2.865919549,0
-1.598751908,0.183841069,0
-0.323568364,1.354537735,0
0.823159577,1.82468206,0
1.213374876,0.713731012,1
1.27671609,-1.160751846,1
-0.519301248,-0.385381482,0
0.528792858,0.466943968,0
-0.347675726,-1.449895938,0
1.900796954,0.316504504,1
1.95253511,-0.115601249,1
-1.197900214,0.533537866,0
1.411721373,-1.132795865,1
0.997751307,-0.985143036,1
2.094940973,0.616775607,1
-1.307921039,2.384472,0
0.731580992,-0.992104945,1
1.517522535,-1.33398136,1
-1.178631676,0.117871075,0
3.088298279,0.079429253,1
-1.377774276,0.218723053,0
-1.886278369,1.958904398,0
-2.530021047,-0.608170593,0
0.822250254,2.424121553,1
0.881750141,-0.887224996,1
0.803090348,1.759020576,0
1.561190998,-0.057466867,1
1.251657199,-1.107734891,1
-0.940080269,0.398671822,0
0.06764652,1.271861662,1
-0.30710209,-0.635882782,0
1.19727589,-1.118246042,1
0.763364462,-1.064774737,1
1.366393413,-1.198886809,1
1.34650787,1.195115048,1
1.267739535,-1.031912256,1
-1.044253571,0.322842207,0
1.424192314,2.998661062,0
-0.055270975,-0.605011049,0
-0.512461099,-1.257630516,0
-0.401514392,1.053048311,0
1.486903841,0.420777124,1
-0.365114484,-0.835142815,0
0.257940334,2.114985013,1
-0.603155552,2.529239417,0
-0.860886657,-1.409912467,0
1.049263288,-1.023136927,1
1.119023441,-1.181394373,1
0.056050075,2.587045315,1
-2.986561359,-2.833777904,0
-2.597491084,-0.715897315,0
0.52952237,1.327346071,1
-0.910930926,-0.733490766,0
-0.183956634,-1.089206383,0
-0.054919486,0.105062625,0
0.825494374,-0.81640805,1
-0.612836833,1.084946054,1
-0.405978095,-1.212098041,0
1.842289728,0.65227413,1
-1.716927286,-1.176828495,0
-0.923098037,1.43832149,0
-1.340109393,-0.281329253,0
-2.223439734,-1.257257906,0
-0.464373717,1.679543163,0
-0.505756917,-0.441838665,0
0.257054175,1.369389881,1
1.09731815,-0.895259214,1
-2.50190252,1.664884981,0
-0.464890525,1.225307699,0
0.322017963,1.520326136,1
-2.146326979,0.859908835,0
1.961804584,0.64985863,1
-1.210153103,1.335502805,0
-1.108836908,-1.733361323,0
-0.210517208,1.590089957,1
-0.503304417,-1.506211185,0
-1.330623725,1.7828549,0
-0.929051647,0.043662769,0
0.023242546,0.36632858,0
0.536059661,-0.928591383,1
-0.31455434,1.454789159,0
0.986446889,-0.993263237,1
-1.012419091,-1.023213722,0
-1.026733314,-0.553010266,0
0.548475884,-0.64725597,1
1.108484029,1.269372186,1
1.195376548,-1.140073765,1
-1.630577323,-2.084022778,0
-0.874685882,0.07042925,0
-1.390785444,-0.802859858,0
0.307178483,2.220670946,1
-0.127684327,-0.300057611,0
-2.073489896,-1.882962327,0
0.139082539,-1.692801991,0
1.498956574,-1.256757228,1
-1.554388771,0.901557991,0
1.294829073,-1.119266285,1
1.167832445,-1.149068308,1
1.24541137,-1.096040989,1
0.731744319,-0.756597184,1
-0.376314815,0.578364189,1
2.137141256,0.370696212,1
0.821741481,-0.826133302,1
0.632552767,-0.764854424,1
-1.720564615,-1.641868329,0
-0.032070134,-0.610505984,0
1.485715628,0.367878335,1
-0.591895403,0.762482136,0
-0.779921175,0.044781883,0
-1.135476604,-1.665544413,0
0.326898558,1.383164717,1
-2.282039117,-0.937175159,0
-1.860100668,-0.03669101,0
-1.940990484,-2.693587663,0
-2.372967752,-1.28460968,0
0.95558938,0.999928952,1
-1.006793037,0.032256749,0
1.616989541,1.048921486,1
0.66807819,-0.804052504,1
-1.156785505,-0.961847145,0
0.280061213,-0.607905942,1
0.495614028,2.129006643,0
1.116001639,-1.038030023,1
1.282739233,3.691302683,0
-0.978442291,-0.888508387,0
-1.7117894,-0.181418346,0
-0.91495116,-1.281054453,0
0.41043352,-1.001448092,0
-1.692314295,-0.38189834,0
-2.755839608,0.323395281,0
-0.827747983,1.495326957,0
-0.542237714,-0.499128162,0
1.01757479,-0.074640337,1
1.367076467,0.420719881,1
0.46928842,0.330637253,0
0.835651411,0.88598401,1
-0.416667272,-0.401729833,0
-2.664926465,-0.993772182,0
-1.161816187,2.986150839,0
-1.12972111,-0.641094028,0
-3.271122352,1.961219573,0
-0.173389758,2.191162959,1
1.164071161,1.336673332,1
0.72494225,-0.845851524,1
-1.100765935,-1.478731571,0
-1.337836325,-1.89909858,0
2.854376934,-0.728322241,1
-0.302516845,0.523226371,0
0.273517835,-0.752946004,1
0.45598773,-0.682360063,1
0.512669039,0.338625528,0
-2.010738532,-1.42159292,0
-3.075227507,1.683229155,0
2.770719298,0.166099591,1
0.300499746,-1.518587643,0
-1.660907564,-1.894057448,0
0.596107224,-0.985650649,1
-1.324709135,1.339716963,0
0.267233762,0.125063645,0
0.087337946,3.277452795,0
-1.655126915,-0.256029009,0
2.235439008,-1.467680625,1
1.032039365,1.034246275,1
1.660245909,0.712286788,1
2.212961605,-1.614081461,1
-1.855192042,-1.575270852,0
-1.293263929,-0.434435878,0
-0.433114537,1.176696428,0
-1.607124154,-1.552694766,0
2.133950956,0.261276339,1
-0.38658739,-0.773578624,0
-2.485721181,-1.978736708,0
-0.434347865,0.768289403,0
0.815476264,1.448787832,1
-0.851708605,-0.613370372,0
-1.151334858,1.311404378,0
0.84855377,-1.095989057,1
-1.148307824,-1.178969862,0
-2.321627186,-1.989826711,0
-1.845470609,2.194732264,0
0.937381897,-1.062837969,1
0.453064209,-0.967341144,1
0.948119704,2.37982289,0
-0.893970787,-0.484832355,0
-1.058990397,-0.440528958,0
0.641371915,-0.680236301,1
-1.364702235,3.588657814,0
1.416167239,-1.074688096,1
0.380571528,2.753928467,0
-2.246557666,0.790258781,0
0.873868922,0.855318431,1
0.149351647,2.225642264,0
1.735981789,0.237205773,1
0.118602465,1.778166344,1
1.375226193,-1.015050382,1
1.088519167,0.827611101,1
1.561561031,0.295196125,1
-1.132675616,0.625138521,0
-0.617771627,2.058719044,0
0.403833045,-0.436544475,0
1.297992923,-0.158238112,1
1.868269971,0.295911942,1
-0.64974674,2.756042775,0
0.108082066,2.135170717,1
0.505656248,1.006429944,1
-0.255850707,3.936005601,0
-1.147681427,-2.880848667,0
-1.089437093,-2.081762839,0
1.334850029,1.520735426,1
-1.597665265,-0.445639156,0
-1.001773737,2.028597279,0
-1.828699705,-0.214587888,0
-2.122710769,-0.428434296,0
0.205269293,2.210498335,1
-1.395029131,-1.082997803,0
0.252099357,-0.65016288,1
2.327954261,-1.639716368,1
0.75236765,1.256108224,0
1.00111674,-0.060764864,1
1.149240938,1.509566718,1
0.692115705,1.801911919,0
0.270732573,1.93851485,1
0.414144695,-0.755270094,1
0.489350081,-1.091298168,0
2.466965059,0.796691114,1
0.676192958,1.639378132,1
1.718420585,0.149124073,1
0.729990641,0.940127716,1
-2.400150586,-2.352889184,0
-0.449359209,0.671124049,0
1.755183255,-1.44656008,1
1.460855345,0.839600049,1
1.388008507,-1.257052893,1
1.612918114,-1.24541931,1
1.55225342,2.164282609,1
1.269466619,-1.045790804,1
1.207960655,-0.998126699,1
1.748537537,-0.662241901,1
-0.230279978,0.093146876,0
-1.914811093,0.769954745,0
2.54793372,-0.983832052,1
0.787128576,-1.041077629,1
2.211409243,-0.334508388,1
0.909798774,-1.11186338,1
1.233550492,-1.063131531,1
-1.651340569,-0.429405985,0
-2.354468672,0.499360669,0
-0.591171203,-0.473255313,0
-1.743911593,0.718373455,0
-3.131681254,-1.02115137,0
0.947760652,3.348403342,0
0.947646176,-0.943952133,1
-0.924753178,0.414881184,0
-1.020343848,-1.946743032,0
0.039063791,-0.289651673,0
-1.813860507,-1.168176382,0
-2.159058015,1.629828058,0
1.141333033,-0.940112337,1
0.36070624,-0.767678187,1
-0.913933451,0.479540925,0
1.125389597,-1.040074068,1
-1.989699545,0.981745272,0
1.338886037,-1.249470033,1
-1.931782145,-0.286641549,0
-1.012690078,-1.221819946,0
0.108414934,-0.774183534,0
-1.639980172,1.473252942,0
1.153872805,-1.023907224,1
-1.077333592,-0.07810022,0
1.325786069,-1.121478588,1
-0.827031532,1.374365328,0
-1.772891598,0.296529832,0
-0.891018406,-0.027942279,0
-0.621592133,1.326666871,0
-0.57576921,0.447485177,0
0.888822446,0.34301812,1
-2.62786795,-1.025549739,0
-0.698090289,-2.772100629,0
-2.494759024,1.04546823,0
1.061252036,-1.038413072,1
0.190885668,-0.702481332,1
1.29473963,0.627416459,1
-1.96411973,-1.025183615,0
1.349457111,-1.189938281,1
-1.567857828,0.959972197,0
-0.081402308,-0.385595405,0
-1.201436916,-1.4590365,0
1.847318469,-1.275579599,1
1.069637299,-1.050722732,1
0.744061468,-1.028574451,1
0.897305397,-1.032704889,1
0.00698473,1.280541255,0
2.090250424,-0.828883501,1
-0.895346741,-0.617154551,0
1.583765644,1.217111467,1
1.634336784,0.828316739,1
1.091380232,1.053543547,1
0.585944442,-0.886711645,1
-1.614783951,1.228705937,0
-0.711241927,-0.273385959,0
0.121930038,1.11451173,0
-1.071758794,-1.366183147,0
0.344682501,-0.717912257,1
-3.062923617,0.305411115,0
-1.576647347,-1.313612182,0
0.078579513,-0.094910179,0
0.594603341,1.962631502,1
-0.942652863,-0.354849235,0
1.7975437,0.93094395,1
0.301978535,-0.589135388,1
-0.007738439,2.314940108,1
1.293569785,1.133639106,1
1.498539449,-1.302929422,1
1.673420352,0.797935883,1
-0.000517077,-0.117704154,0
1.136074673,-1.261568422,1
-1.456320727,-0.594022504,0
0.805874368,-0.861664461,1
0.498985533,0.678112731,1
0.987200859,-1.025497852,1
1.334370968,-0.967246206,1
0.722473374,-0.95671922,1
-0.257186473,-0.569090011,1
-0.788060975,2.034498264,1
-0.838892931,-2.412575616,0
1.579673835,-1.17321685,1
1.909528894,-0.818090201,1
1.212307124,-1.208770612,1
1.250807742,-1.153000013,1
0.48582246,2.096580772,1
0.853081233,2.309416985,1
1.624776446,-1.39008804,1
-1.639202761,0.893739155,0
-0.4809644,-0.956623893,0
0.270225935,2.138167493,1
-1.558721266,-0.056302183,0
-0.466696471,-2.309782192,0
0.759344245,-0.892303919,1
0.955858861,-1.0574322,1
2.245540016,-0.564779199,1
-0.075168331,1.551677204,1
-0.436809627,2.464803696,1
1.27679478,-1.295088249,1
2.871142203,-0.317697009,1
0.961811578,-1.113358911,1
2.024439295,-1.524146112,1
-0.73782643,1.220902221,0
0.48035029,-2.153941423,0
1.581701702,-1.281440076,1
1.237485118,0.110823414,0
-1.699201975,0.776499273,0
0.829774424,-0.761080755,1
1.347573126,-1.133025049,1
-1.440227614,1.140341156,0
-0.164485746,-0.494178645,0
1.046995279,-1.000720162,1
-0.87463643,1.706706074,0
2.022729622,0.723981848,1
-1.271181111,-2.214566409,0
-0.27633011,-0.01022985,0
-0.829633458,-0.709297138,0
1.577319885,-1.297188277,1
1.061413392,-0.929575983,1
0.561291593,1.979624758,1
-0.436188847,2.463843326,1
0.745976611,-0.93607078,1
1.996675715,-1.265802278,1
0.195650099,1.742475947,1
0.970906659,-0.978048688,1
0.085662205,-0.64644111,1
-0.403212222,-2.152916744,0
0.433869697,-0.743200193,1
0.179962394,-0.42613083,1
0.879745441,-0.799000422,1
-0.962802885,-0.777645865,0
0.486423756,1.591316623,0
1.462834219,0.772460804,1
1.423390756,0.086241302,1
0.243497993,1.89111972,1
0.73338828,-0.983299634,1
1.251103621,-1.015635633,1
-0.833363601,1.778232956,0
-1.739171248,1.345115258,0
-1.152723703,2.730098852,0
0.847290676,1.3006069,1
2.642585348,-0.279921243,1
-0.658928983,0.10629314,0
0.059546172,-0.631859714,1
0.18010006,1.391435415,1
2.548965784,1.039167866,1
1.285347516,0.820178357,1
-0.764852596,1.697082834,0
-1.126563336,0.8929484,0
-1.479635185,-0.03803012,0
-0.427693736,1.753676269,1
-0.151593301,2.295682713,1
0.839106229,1.416370153,1
-0.873411398,1.508991043,0
0.146898085,-0.592419443,1
0.567940377,-0.749361491,1
1.239133092,0.567287076,1
0.622104647,1.83218972,1
-0.980872773,0.315341519,1
0.641921922,-0.971349321,1
0.326037795,2.04782279,1
0.663133156,1.85196346,0
0.496411084,0.890427791,1
-1.882919494,1.144677479,0
1.246420207,-0.991213007,1
2.123815022,-0.036038281,1
1.074892259,-0.940576132,1
1.992009138,-1.646405382,1
-0.332494975,2.760720715,1
1.926126493,0.924352023,1
-0.297944337,-2.307309884,0
1.959452504,1.599595371,1
0.724553144,-1.005013912,1
1.430090419,-1.217085741,1
-0.735130243,1.510250718,0
-1.345426273,0.650830853,0
-0.42054529,-0.174686537,0
-2.311690763,-0.6854563,0
-0.796689991,1.165685367,0
-0.591142492,0.017954838,0
0.155648601,3.013731882,0
1.042992571,-1.015123281,1
-0.718228574,2.482427537,1
-1.783956923,-0.638820525,0
-0.813240005,1.122209769,0
1.396284764,1.77724107,1
0.33880369,-0.770878683,1
0.089774552,0.401747222,0
2.033431047,0.60620817,1
-2.891264753,1.541195518,0
-1.639075521,-2.088490938,0
-0.420451681,0.868454996,0
1.385402206,0.290654165,1
-0.195525143,2.796513379,0
-0.946316864,0.79552427,0
-3.114439405,-1.577347063,0
-0.263029165,-0.312541388,0
0.685952205,-0.763133648,0
1.041794462,-1.120934662,1
0.702984039,1.52758743,1
0.759330993,-0.777215444,1
-1.734074974,-1.334169465,0
0.625497163,-0.830021206,1
-1.203527369,1.092239679,0
-0.822479161,1.383523997,0
-0.661449767,0.587157921,0
-0.257907664,-0.449224361,1
0.939448092,2.232109739,1
0.78743107,0.665403252,0
1.853212777,-1.231601176,1
0.884670131,-0.676494428,1
1.687869403,1.530585933,1
-1.586715523,-1.399801855,0
-2.557725475,-0.891555169,0
0.108573824,-1.844891725,0
0.711100279,-1.022262669,0
1.753428186,-1.261195617,1
1.45352761,-1.12114405,1
-2.445212596,1.341887957,0
-1.176900927,-0.079104585,0
1.965154262,-1.263035662,1
0.350615439,1.482603252,1
0.24854924,1.106156831,0
0.826472752,-0.82529255,1
-1.375428404,0.432758203,0
1.615326922,1.154710642,1
-1.387383868,0.346295963,0
-1.19763553,-1.930355037,0
-0.309442007,-0.74509737,0
-0.995323585,0.993546746,0
-1.599453687,2.19534435,0
-0.904141523,-0.049581191,0
-0.192473347,0.725663756,0
-0.261573459,-0.828257719,0
1.322019466,1.931870792,1
-0.252798832,2.111347975,0
1.284617185,0.298529729,1
-0.62279338,2.196594701,0
-0.727583367,-2.371159475,0
1.204293183,0.311002901,1
-0.700546188,-1.042913932,0
-0.985549317,-0.072392322,0
1.262353722,1.423800092,0
0.177964205,-0.600292304,1
-1.717184663,0.492244639,0
0.381381469,2.049533794,0
0.6426067,-1.146601426,1
1.549385882,-1.216959337,1
1.551031729,1.164488629,1
1.670847725,-1.046144796,1
1.603956814,-1.088954995,1
-0.935536474,2.455862353,0
-0.117943522,1.515845591,0
-0.569452017,0.043115204,0
0.26280531,-0.832974852,1
0.296087422,1.036209852,1
2.65684191,-0.446996251,1
1.82738366,-1.155336617,1
-1.26949811,2.468029619,0
-0.173729265,2.873446499,1
-0.404809007,1.358576625,0
0.855921451,0.894080425,1
0.521628832,-0.025836934,1
1.188827851,0.888409118,1
0.607502987,-0.868919751,1
-0.783741681,1.410741829,0
0.9785674,-1.108538659,1
-1.662066404,-0.545250161,0
-1.742832407,-1.736163337,0
-0.914157858,1.515996152,0
0.594545508,0.581942632,1
-1.362785851,2.393629384,0
-0.517695787,1.155679262,0
1.271475284,-1.147889854,1
0.128667995,1.450064939,1
1.199255234,-1.01501351,1
1.117700389,3.049584144,0
-2.32860552,-1.54139269,0
0.535270388,-0.757768132,1
1.734183623,-1.262337734,1
-3.015666,0.481954654,0
-1.455381641,-1.701283009,0
-2.19274522,-0.857628196,0
-0.0331327,2.038617855,1
1.331735723,0.287872924,1
0.322899983,-0.695310441,1
-0.047359737,2.096196779,0
0.954783006,2.27516879,1
0.288270417,-0.888749165,0
1.417568948,0.018793588,1
1.761902261,1.646327228,1
-2.300491419,-1.109038321,0
1.148506723,0.297199884,1
-1.765554609,0.745719269,0
-0.796663703,2.40081532,0
1.273448429,-1.155924343,1
0.893222003,-0.916723829,1
-2.403656709,1.013531329,0
1.416299958,0.085656009,1
1.453539251,1.502571791,1
-1.45730927,1.024767363,0
-1.837955322,0.827369795,0
-0.065658994,0.027540927,0
1.292130866,0.979438175,1
0.125229139,3.571307838,0
-1.97725547,0.542064492,1
0.379006634,1.790070443,0
-0.544021271,-1.499550248,0
1.340374563,0.133500165,1
-0.430002938,-0.440973445,0
1.886298725,-1.180924943,1
1.431489327,-1.186742745,1
-0.427761643,-0.760161913,0
-0.181789023,0.492117978,0
0.566668615,-0.840403634,1
0.489974729,1.319648666,0
-0.100483836,0.935553349,0
1.475447982,-1.256797263,1
0.562351843,1.585424503,1
-1.819435662,0.941993128,0
-0.694177788,1.637433439,1
-1.416066448,-0.773574664,0
-1.247934589,-1.862291711,0
-0.486701735,1.352733985,0
0.00445179,-0.503321673,1
-0.788987099,-0.318628824,0
-2.244129326,-1.53400899,0
-2.181515519,1.368067873,0
-0.899051704,0.942641445,0
1.191095521,-1.237634293,1
0.968509587,-0.990181385,1
-1.422093139,-0.735011887,0
0.12493346,0.696511814,0
-1.730056342,0.173484685,0
-1.255426928,-1.596822609,0
-1.760588597,0.952696495,0
1.182200179,1.08763102,1
-0.671435018,1.298491622,0
-0.34901669,1.311800972,0
-0.110946748,0.464227987,1
2.189595547,-0.575255504,1
0.329642219,-0.744290215,1
-0.390422254,1.767866647,1
0.760140823,1.388716187,1
1.234286312,-0.970494878,0
1.140010973,0.943719366,1
1.098978817,-1.007967888,1
-0.504053456,2.689489398,1
-0.754030667,1.985237139,0
-2.24681607,-2.399965204,0
-0.050597338,-0.487339242,1
1.193062966,-1.180961728,1
-0.490985693,1.306468632,0
-1.679927083,-0.955385687,0
-1.38257498,0.360511361,0
1.424873824,1.625360603,1
0.758770158,2.083655802,1
1.531198514,-1.252881057,1
0.847458709,-0.842424158,1
1.51524086,-1.20976292,1
-0.914135764,-0.168250041,0
-3.201288551,0.569181823,0
-1.32310417,-1.620424423,0
-0.002603547,-0.558113272,0
-0.948541396,-1.975016993,0
-2.213684426,-2.366674367,0
-0.959518008,-0.092364375,0
0.057484074,-0.61008544,1
-0.408106411,2.664938554,0
-0.129433973,2.214745763,1
2.025659405,-1.393401723,1
-2.031427567,-1.51177798,0
0.49071076,1.390686294,1
-0.432123543,-2.682603896,0
-1.428433216,0.928518772,0
0.437228731,-0.752388047,1
0.085598473,0.825128957,1
-0.211442369,-0.620545282,1
1.452799717,-1.30845822,1
0.726582188,1.280004094,1
2.871996501,-0.659973376,1
-0.837895859,1.166908248,0
0.93788431,1.942275529,0
0.850677008,-0.921325934,1
-1.14152399,0.22833335,0
1.074367436,3.243212928,0
-2.449316166,-0.670223671,0
1.536241537,-1.374252201,1
-0.246166773,1.001661586,0
-3.023348061,-0.951180535,0
-1.316829102,-2.625200052,0
1.117136527,-0.980218855,1
-1.320994279,-1.665443682,0
1.880629986,1.476152741,1
-0.445606943,1.693873079,1
-0.652267647,1.00455278,0
-1.606159179,-0.860197638,0
-1.726045901,2.270913923,0
0.813558055,-0.949552211,1
0.821417619,1.883029078,1
0.766483933,-0.874254718,1
0.342134813,0.867499223,1
-0.486299599,2.397058174,0
0.242409839,-1.412037367,0
-0.854845986,-3.166896091,0
-0.04473682,1.383928983,1
0.508395554,-0.891671423,1
2.058261036,1.456869686,1
0.522959538,-0.742646223,1
0.491416513,-0.8698623,1
-0.318142983,0.80158617,1
1.404999258,-0.005256725,1
-1.077407355,-1.149697545,0
1.443115469,-1.232104112,1
-0.611260993,-1.39412344,0
0.958904995,-1.075271467,1
-4.190223474,1.402291006,0
-0.244483414,2.088216877,0
1.155776806,-1.041392342,1
1.211363571,-1.185314676,1
0.84812809,1.932947267,1
0.549143843,-0.840537186,1
1.552233012,-1.296060945,1
-0.758563613,-0.074480508,0
1.862841127,0.193884675,1
-0.146777938,-1.148775283,0
-0.237320646,-0.508254249,0
-1.473651618,0.879755424,0
-1.020176962,1.243738497,0
2.016761014,1.005990487,1
-1.215800692,0.762596181,0
0.705911749,1.534357786,1
0.96297195,-0.995282545,1
-1.664330681,0.959687127,0
1.333777054,1.471496532,1
-0.645570916,0.985249313,1
0.376582227,-0.785687951,1
1.697539389,-0.589813562,1
0.974210915,-1.01527674,1
0.371905285,1.632812087,1
1.051787744,-1.09607834,1
0.86846899,0.712089276,1
-0.300402474,-1.337593846,0
-1.674943134,-0.591097947,0
0.435879485,1.206283089,1
0.927457606,0.834557925,1
0.423430168,-0.77259256,1
0.410037331,-1.479632814,0
1.359315893,0.030779125,1
-0.827398774,3.890668869,1
2.283164871,0.875647583,1
0.160700099,0.770146609,0
1.490947106,0.297284073,1
0.337745424,0.736122657,0
-1.481811275,1.595708665,0
-1.350727095,-0.182077505,0
0.144680195,-0.257275764,0
-1.385148372,-0.699067239,0
0.703373454,2.096807788,1
0.864581834,-0.861367349,1
0.849175057,0.910287532,1
-0.482381882,1.308057694,1
0.78350312,0.897856134,1
-0.06810195,2.978121469,1
0.456044803,-0.706597118,1
1.361225943,0.73448361,1
0.257196091,1.173371592,0
1.060806313,-1.01486386,1
-0.145524,0.419299225,1
-0.568865422,1.658793175,1
-1.779062127,0.065401788,0
1.180335801,-1.094273294,1
2.724961238,-0.079238005,1
1.337076988,-1.059023715,1
-0.835518246,-2.171490795,0
1.490948212,-1.37805919,1
1.183798711,1.084776061,1
-1.120282643,-0.539659161,0
0.957119673,-1.026459544,1
1.222406237,-1.152000926,1
-0.374268174,0.722017076,0
-0.433435067,2.617161417,0
-2.844886923,-1.829394773,0
0.392133346,-0.721503905,1
-0.891634781,0.058219863,0
-2.155955216,0.515278377,0
-2.007800738,1.682243389,0
-0.813651464,2.232246327,1
-1.07016538,-1.786637597,0
-0.938012713,0.741124502,0
0.180028759,0.286989342,0
-1.399849241,-2.621042928,0
-2.045791929,-2.475102412,0
0.020930619,-0.690642432,1
0.569481404,2.33395095,1
-0.332122528,1.41161803,1
1.365988784,-1.130101635,1
0.889106767,0.826119717,1
-1.61117406,0.047781162,0
-2.215005414,-0.216008249,0
-1.221385327,-1.486362339,0
-2.081738539,-1.019270391,0
-0.655900527,0.814705372,0
-0.096618752,-0.714033261,1
0.144766721,1.984634161,0
-0.461151182,-0.353431246,0
0.631598113,1.44435981,1
-0.663414994,2.462457443,1
0.093000435,-0.754253952,1
0.061341412,1.66690214,0
-0.262184565,1.130929371,1
-0.332780565,-1.504487799,0
-1.34224155,-1.4096172,0
0.293524448,2.730165941,0
0.903243118,-1.109842771,1
1.065564535,1.004459792,1
-0.315264012,-1.267035483,0
0.675897321,1.566241497,1
0.964818208,1.329536476,1
0.997125602,-0.729752429,1
-0.666465817,1.548415479,0
0.816158004,0.956541522,1
0.812569288,1.214257151,1
1.22856462,-1.079863414,1
0.093047314,-0.137232123,0
0.931906802,-0.995844345,1
1.14544611,0.140359572,1
-2.359702714,-2.21716351,0
1.784467443,0.585575058,1
0.545824658,-0.795753097,1
-0.189826953,2.046830839,1
2.718187367,0.364045581,1
1.539466496,0.581132569,1
0.90120012,-1.097944151,1
0.951258395,-0.964470843,1
-0.179940114,0.092508806,0
-1.244265642,0.442496921,0
2.056675849,0.533462641,1
0.158464834,-1.355067144,0
-0.39376766,2.146439298,0
0.839668597,1.125481752,1
-1.348755734,-0.816624264,0
-1.638243651,0.93616124,0
1.62886123,-1.25433888,1
-1.315493716,-2.191977977,0
-1.316476136,0.02375403,0
-0.292835008,-0.529607979,0
1.724231125,1.109192157,1
0.210988453,2.784223475,1
0.613522883,0.693212737,1
-0.598904284,-0.177389885,0
-1.302432953,2.57018688,0
0.680160617,-0.829817467,1
0.030938553,-0.649970269,1
-1.079887917,1.995051587,0
-0.023314007,1.200286829,0
-1.626287305,1.338443931,0
-0.68512645,2.680686139,1
-0.087693991,2.287289125,1
0.746388471,-0.862149448,1
-0.036346377,2.182240341,1
-0.657879107,2.266955179,1
-0.900615751,2.499001409,0
2.305532955,-0.664060013,1
0.504514795,-1.030884104,1
0.797801008,1.478348055,1
-1.189391193,-0.167369496,0
-3.345933099,0.478520141,0
-0.424069351,-2.321256617,0
1.205524719,-1.065412748,1
-2.722488768,-0.087988397,0
-1.751513492,1.152071728,0
-1.435075135,-0.149181907,0
-0.426245438,2.522974063,0
3.189310339,-0.646835051,1
1.315247927,-1.163014606,1
0.711959831,2.009976332,0
-1.326283744,1.669315535,0
-1.307550587,0.907430725,0
-0.228832502,-0.677982688,1
-1.430015861,-0.677474553,0
0.653688374,-1.891493305,0
-0.180015915,-0.346500952,1
0.886631984,0.549074221,1
-0.821461649,2.113994914,0
-1.555684786,-1.043888946,0
0.11335763,-0.675188917,1
-0.736532033,1.851230178,0
-0.201733534,2.873049191,0
0.837501905,1.812099335,1
0.787196054,-0.955785496,1
1.233666392,-1.115162586,1
1.358563226,1.014213258,1
-1.022409584,-0.972731278,0
1.608681152,-1.277377295,1
-0.299656009,1.49193812,1
1.473868815,0.409547423,1
-0.873717442,0.363488405,0
0.794638772,1.980891895,1
-1.949886373,-0.101967004,0
0.592437091,0.988929579,1
0.240033101,-1.608088823,0
0.597697903,1.32155515,1
-1.282599459,-1.373583879,0
1.987170917,-1.321557254,1
0.739183942,0.328529016,1
-0.08239485,1.485785252,0
-0.882031787,-1.7490272,0
-1.343578604,1.456121645,0
-2.344462831,-0.091402936,0
-1.319642436,-1.042402159,0
-0.59459031,-0.908091815,0
1.374470348,-1.295583323,1
-0.814275256,-1.214225167,0
0.266640162,1.396743913,0
-0.173875572,0.824785365,0
0.738668011,0.357753068,1
1.903067498,1.552405992,1
-0.199051815,-1.50542717,0
-1.594854382,1.871005368,0
2.172836289,0.174578182,1
-0.63040839,-0.863274746,0
-3.970622197,-0.667254297,0
-1.075553982,2.797215001,0
0.037691561,-0.495993366,1
-0.84518461,-1.459611633,0
0.923520696,1.539962086,1
-1.002655763,-0.955764089,0
-0.059299137,-0.172285513,0
0.293089006,0.840601862,0
1.230628975,-1.019664729,1
0.442043829,-0.993537869,1
-0.079960204,-0.544703933,1
-2.198432288,-1.581875199,0
1.220036452,0.723642846,1
1.227483847,1.079570563,0
1.608072385,1.455514963,1
1.202595454,0.672656334,1
0.007964496,0.847968022,1
-0.502172572,0.412420253,0
-2.525365057,-0.951929698,0
1.735049091,1.701469823,1
-1.636255381,-0.621521193,0
1.45473436,-1.219649032,1
-1.447570484,-0.046426606,0
-1.191543582,1.136258968,0
1.090914246,0.628754643,1
-1.836346248,-0.584269518,0
-1.481977224,-0.302616615,0
0.221514955,-0.715034719,1
0.678580547,2.02647727,1
1.778680095,0.331178932,1
-1.937206242,0.876512749,0
1.665292831,0.451224363,1
0.93660997,0.780162246,1
0.227929409,0.751962673,0
2.174332375,-1.359504942,1
-0.914817778,-1.205433408,0
-1.878693065,-1.513014986,0
-0.690377518,1.728076765,1
1.871735107,-1.207749368,1
-0.139860525,-0.607836047,1
2.211381288,1.034334191,1
1.180434969,-0.954340127,1
-1.129159163,-0.343312522,0
-1.736742862,-0.360733676,0
-1.226070781,-1.055575109,0
0.210187592,1.349038336,1
0.280957348,0.779849546,0
-1.446290686,1.436692014,0
-0.533747611,0.454087146,0
1.057369097,-1.205622035,1
-0.5235128,1.73297164,0
0.026627086,-0.708347106,1
-0.32375229,-2.280401919,0
0.590282672,0.537433137,1
-0.220378551,-2.533385046,0
0.680957821,-1.105301479,1
1.047994583,-1.047492222,1
1.445766104,0.121361759,1
-1.796607622,-1.515737179,0
0.345695807,1.543956935,1
1.78155294,-1.202831876,1
1.982718897,-0.38579707,1
0.672294471,-0.82272305,1
0.432483642,0.423847758,1
-1.416852765,-1.145532643,0
-0.051494079,2.091717318,1
-0.759037412,0.322389416,0
-3.136769342,-0.770990451,0
1.060259487,-0.965030673,1
-0.872141275,2.115706797,0
0.847650045,0.418835811,1
-1.092121899,-2.02031168,0
1.133523013,-0.931907183,1
-1.27348464,-1.132688465,0
-2.218492871,0.650596239,0
1.219550501,0.438793141,1
2.408502471,0.345140871,1
2.318779804,-1.200604676,1
0.610444878,-0.768022087,1
2.558532004,0.807665129,1
-0.98882888,-2.142336777,0
0.609338208,-0.835543843,1
-1.19522779,-0.680138969,0
0.523610896,-0.851585496,1
-2.367210194,-0.217472064,0
-0.665589525,-0.369443396,0
1.06574115,1.865158805,1
-0.594263437,2.099074951,0
1.232231862,-1.137678237,1
1.443199816,1.728790549,1
0.84853258,-0.976069647,1
0.766158502,-0.863624988,1
-0.325298378,-1.541218319,0
-0.968152694,1.762188285,0
-1.555006519,-0.645630697,0
-0.570581907,-0.435401994,0
-0.033861462,1.290244182,0
2.388369139,0.986990304,1
-0.055699881,3.915526861,0
0.729119509,1.250980546,1
-1.013314002,-2.103270396,0
0.09492557,1.019548287,0
-0.609359222,-1.161075408,0
2.233649776,-0.948375918,1
-0.750762994,-0.313905464,0
-0.612058451,-1.985477465,0
-1.09635432,-1.439694616,0
2.828048118,-0.125849235,1
1.249109804,-1.028363536,1
0.833140788,0.908595742,1
-1.61161548,0.761009287,0
1.929716814,0.398048821,1
1.053190752,-0.99442881,1
-1.460932987,-1.207449683,0
-1.571587995,0.839017468,0
-1.726025098,-2.178249732,0
0.481220068,0.672910955,1
-1.502946099,-1.310269183,0
3.017405253,0.487001577,1
0.914981144,-0.963429851,1
1.012881565,0.797541022,1
-2.546149897,2.661352077,0
1.32254767,1.332673302,1
-0.411958956,-1.180163595,0
0.88745659,-0.926759988,1
1.246186694,1.228150829,1
-0.490316838,-1.482641862,0
2.523450223,0.762659634,1
0.855036126,2.267512662,1
-0.89072146,0.902344693,0
-1.685876923,2.128389847,0
-1.87004514,1.634296614,0
-1.342251244,0.145811475,0
0.395313518,1.234904595,1
-0.278097678,1.369089822,1
-0.562738813,-0.773027949,0
0.154465168,-0.254101242,0
3.222800971,-0.627049115,1
1.978740187,-1.1484313,1
1.004264945,-1.041467407,1
-0.827644557,-0.503121354,0
-1.497131724,-1.35700012,0
1.104639415,1.167046836,1
-0.004352553,0.05842084,0
-1.672240714,0.254916201,0
-1.22286095,-2.438341533,0
0.906017004,1.575032673,1
1.146628515,-0.975434189,1
-1.165521828,0.952410671,0
-0.58887356,-1.733314948,0
1.72772991,0.28486674,1
-0.008073567,-0.658336743,1
-0.169493609,-0.533937951,0
1.236647869,1.556599571,1
1.751894441,-1.304739371,1
-0.67254688,1.054808653,0
1.255260907,-1.020057568,1
2.169895764,1.36587888,1
-0.75306029,0.024915441,0
-0.203258754,1.041368463,1
-0.492456247,2.132018435,0
-0.985183317,0.559030964,0
-0.907889792,0.696711223,0
1.36870498,-1.267486989,1
1.75108402,0.174904077,1
-1.275213912,0.761038943,0
-2.467547061,-0.448318906,0
-0.569045243,1.086170933,1
-0.539139322,1.104554854,0
-2.369994566,1.097777444,0
-1.938613363,1.261305572,0
-0.239814604,1.31440773,0
-2.813046366,-1.789602205,0
1.144136815,-0.926663473,1
-2.288870824,-1.047792055,0
0.702816826,-0.895780329,1
0.73879031,-0.738449217,1
0.524695356,-0.679711391,1
1.332135481,0.677781428,0
-1.449830947,0.029940874,0
-1.418236078,0.471656487,0
-0.706727466,0.758025512,0
0.150044701,-2.286554147,0
-1.362706104,-1.54504926,0
-0.787287184,-0.660106433,0
0.556980689,-0.780528045,1
0.376866268,0.849873968,1
1.936676771,-1.476701526,1
-2.468566479,0.277889533,0
-3.443410111,3.217860439,0
-0.11868695,-0.498411503,1
0.587742573,0.99029524,1
0.957357737,1.169993451,1
1.880260848,1.060002668,1
-0.995046753,-1.272205396,0
-1.318833477,-0.712201011,0
-0.245963333,1.919856895,0
-1.199344209,0.870583209,0
1.305980589,0.112133095,1
-0.579962668,0.012701464,0
0.088951821,-0.685328325,1
-0.650855008,-1.279124527,0
0.858590185,-0.990001531,1
1.687105506,0.851461917,1
-0.054035051,3.266964156,0
1.531573721,0.965976656,1
-0.926498173,2.136053971,0
1.081619985,-1.016150422,1
1.657899647,1.068751327,1
0.484524679,-0.887345286,1
0.953978407,-0.974137522,1
-0.014981871,1.871219591,1
-1.02158393,1.562581658,1
-0.080334942,-0.518465679,1
-2.029856651,-1.80809299,0
0.557835041,0.682125143,1
-1.413724952,0.925002562,0
-1.243777436,-2.857995335,0
0.260376794,2.030684546,0
-0.827098356,0.071138269,0
-1.494882823,-0.424963156,0
1.091151485,-0.966804208,1
0.977851984,-1.033117904,1
0.57643234,-0.853531529,1
-0.760146701,1.824875112,0
2.015263291,-1.526889266,1
-0.905776077,0.381056659,0
0.105780387,-0.328123997,0
-0.951931972,1.167349377,0
0.43016061,-0.754972938,1
1.95133397,-1.260050772,1
-0.306175131,2.60577577,0
-1.408557109,-0.529944481,0
1.052683072,1.185930978,1
-1.018239024,-2.350768693,0
2.954739008,-0.972140581,1
0.391170752,0.531792511,1
-1.309246432,-0.568010682,0
-1.613323183,0.767690667,0
-1.423244147,1.227314931,0
0.637231073,-0.91212861,1
-0.682565318,1.578279995,0
1.997256732,-1.46765967,1
-1.109777789,0.591635817,0
-2.839014234,-2.908486496,0
-1.442906573,1.126668716,0
-1.45056988,-1.938723715,0
2.113743171,-0.40376491,1
1.327516139,-1.138488874,1
0.701877391,1.268763741,1
0.119516854,0.737230777,0
0.863552014,-0.912950224,1
-0.819607673,-1.637016022,0
-1.681573104,2.484303281,0
0.815689733,0.532817105,0
1.700595242,0.097731545,1
-2.000650118,0.631220602,0
0.322432715,1.919668312,1
-2.111483605,1.289022076,0
-0.209552605,-2.11717015,0
1.33877369,1.378171744,1
1.043331696,-1.231493615,1
0.694624764,-0.876071731,1
0.804929763,-0.865126698,1
-1.574370196,2.177155586,0
-0.661733762,-1.253674208,0
-2.0807409,-1.597273264,0
1.578167509,-1.125994057,1
-1.975434004,-0.971536739,0
-0.375953656,0.620725008,0
1.450210184,-1.099349059,1
2.175491669,-0.057357536,1
1.085051914,0.227961047,1
-2.321908928,-0.662921335,0
-2.202495287,-0.695207091,0
-1.141861277,-0.770900159,0
-0.600017221,2.424409157,1
-1.589366383,-2.589142957,0
1.597939983,-1.211553632,1
-0.240651303,1.152942408,0
-0.412196432,1.406279168,0
0.875153753,-1.141993234,1
-0.753041948,1.265686279,0
0.080938769,0.89888788,1
0.951602455,-0.81274124,1
2.80298737,-0.537803288,1
-0.539912241,-1.798654054,0
-0.599757175,0.075076715,0
-2.058899593,1.590276371,0
-0.352409885,-2.406040303,0
-1.055300133,-0.292973586,0
0.087179212,-0.570932725,0
0.213797094,0.753869047,0
-0.556863687,-0.057263493,0
1.642098109,-1.10209964,1
-0.494534864,-0.268931232,0
0.249427168,-0.786704838,1
1.441459414,1.339622325,1
1.471469956,-1.053798607,1
1.776742213,-1.378333297,1
1.842176739,-0.524891227,1
1.089900918,-0.967825458,1
0.563586701,-0.712600654,1
1.128963971,1.141666663,1
-2.23191725,1.740988063,0
1.587109568,-1.264778486,1
0.592916992,-0.870816468,1
0.079248664,1.179096525,1
1.138933415,-0.976951485,1
-0.084129296,0.59111725,0
0.479705115,-0.826069814,1
-1.376605085,-0.187518888,0
2.046444469,0.404783434,1
0.604247857,0.662716225,1
-1.313259864,1.405332638,0
0.517031622,1.833631188,0
-1.082949404,-1.285147137,0
-0.917906336,3.119961843,0
0.711318104,-0.875455666,1
1.088403789,-0.915859235,1
-0.712260566,-3.276825874,0
1.061381829,0.388732742,1
-0.152858726,0.024851226,0
-1.624888552,0.257195554,0
-0.327079322,-1.278949584,0
0.688372071,0.869822565,1
0.853728631,-0.872587814,1
-0.341007854,2.564207352,0
1.60403462,0.90673969,1
1.436945737,-1.162921417,1
-2.867119325,-0.008547545,0
-2.088480054,-0.513711299,0
2.418970586,0.756797013,1
0.898462321,0.675369179,1
1.64936907,1.2070064,1
-1.573520949,-0.601508699,0
0.117394414,-1.64934249,0
1.135120961,1.193669441,1
-0.848031101,0.838938474,0
-0.815809395,-0.967973982,0
0.891601489,-1.001729133,1
0.993082727,-1.039281231,1
2.177393263,0.501518824,1
1.155068635,1.205040231,1
1.061687912,1.329031023,1
-0.514850593,0.34400824,0
0.85695208,-0.990064541,1
1.060278985,-1.198571242,1
1.239266805,1.448690861,1
0.278022517,-0.705664982,1
-0.970371966,-0.293492919,0
-0.499099889,-1.237869801,0
0.012239093,0.732129152,0
-0.015998946,0.689037581,0
-1.12133711,1.774071749,0
0.703836479,-0.888564472,1
1.205098877,-1.187118644,1
-1.4989003,0.724563607,0
0.697988748,-0.930188367,1
1.031497651,-1.162294086,1
2.826526978,-0.267294406,1
-0.510732827,0.288788725,0
-0.646614106,0.381926866,0
2.197497646,0.568437877,1
-1.253848596,0.598354527,0
1.925190914,0.089225824,1
1.020767786,-1.678944063,0
-1.149966211,0.483099,0
-0.148847113,-0.67271204,0
0.895099926,-1.004544605,1
-1.246334813,-2.935525776,0
-1.222397821,-2.18354206,0
0.660387367,1.172058004,1
-0.428653056,0.14262749,0
0.404390542,0.537526142,1
-0.953435055,-0.768697071,0
0.528854087,-0.765071093,1
0.022977906,-2.185097013,0
1.284744244,0.916110686,1
1.310684747,0.920027309,1
1.164281307,-1.052677803,1
-1.942866191,0.318020171,0
0.412056754,-0.766193417,1
0.068856511,0.644157211,0
-0.54744328,-0.521862091,0
0.460728027,-0.704178461,1
-1.022164927,-1.847469133,0
-0.814225005,-1.346975603,0
-2.602634781,0.415512194,1
1.750175021,-0.070013214,1
-0.263021845,1.469069257,1
0.115614508,-0.846994219,1
-3.308643972,-0.521660923,0
0.234622556,2.727917369,0
0.044405155,2.057336009,1
0.376486133,-0.90910605,1
-2.281830035,-0.322153014,0
-0.601059253,-0.766616525,0
-0.520301641,0.347224545,0
-1.965518826,0.933592578,0
1.111108812,-0.914664655,1
-0.554604673,1.294224603,0
-0.934677411,-0.360865558,0
-0.140032401,1.590041084,1
1.8250487,0.289324875,1
0.351280387,-0.905795716,0
1.529501801,-1.188240998,1
-0.943575283,0.123431972,0
-2.090567533,0.145924895,0
-1.272689375,-2.071889226,0
-0.923779141,-0.67532745,0
-0.976941843,-0.147851179,0
-0.768109954,1.579086935,0
-1.772857939,-1.202405809,0
0.671612434,0.9421204,1
-1.130755473,-1.647379749,0
-0.958423538,0.373087872,0
1.68495655,-1.368721494,1
0.847284491,-1.044540396,1
-2.492563344,0.009114793,0
0.518754488,1.348061502,1
-0.522849508,1.332281429,0
-1.329507976,-1.581840386,0
-0.4039537,1.959173712,0
0.425207649,-0.799266245,1
1.299829152,2.572040717,1
0.273336323,-0.751861634,1
1.061860916,-1.135271452,1
0.018313247,2.670679762,0
1.022243234,0.818813367,1
0.084536419,1.914166969,1
1.489898315,0.776556621,1
-0.823675888,-1.704869656,0
0.08171958,-1.827770003,0
-2.060776953,1.374788147,0
2.368392133,0.481516184,1
1.27139461,-1.151794848,1
0.843416148,-1.012648465,1
-1.398791759,2.365691324,0
-0.277510961,-0.483309936,1
0.564460778,-0.912464834,1
0.994247006,-0.926493888,1
-1.909110405,-2.434658053,0
-1.485064597,0.236687943,0
-1.7995087,0.557535176,0
0.489911398,0.871145478,1
1.16310888,-0.933068247,1
0.758235515,-0.850341637,1
0.536282807,1.716199816,1
0.712019457,-0.829077437,1
-1.432474898,0.055915664,0
-1.169258746,-0.805402903,0
-0.937341693,-0.35298165,0
-0.246726271,1.04801488,1
1.780139623,-0.216063755,1
0.320009077,-0.703047394,1
0.637790046,0.964983023,1
-1.355585986,0.640444446,0
0.382292451,-0.926507431,1
-1.738181072,0.109297217,0
-0.329645373,2.471121674,0
-0.380787967,0.867608648,0
-2.170525589,-1.211504184,0
-0.66853803,0.976300773,0
0.457220484,-0.791806012,1
1.385059702,-1.103508414,1
-0.860437043,0.173072905,0
-1.167602934,-0.278651878,0
-0.763603871,2.783383286,0
0.709267636,-1.076265045,1
-1.727209134,0.572101727,0
-1.302394874,1.350174644,0
0.189652153,-0.605528172,1
0.989225253,-1.058726719,1
1.186676344,-0.995568558,1
-3.096964589,0.444894792,0
-0.346979512,-1.084669966,0
0.301908369,-0.673746741,1
-2.668555002,0.255026735,0
0.811033975,-0.942661935,1
1.650739909,-1.870845802,0
-0.736898169,-0.783697588,0
-0.485530293,1.597543633,0
-1.532060829,0.672790374,0
-1.387516062,1.304414297,0
0.422586214,-0.865541836,0
-1.064566761,-0.317484492,0
-2.512100116,0.214925021,0
-0.95488569,0.583551917,0
0.612288687,1.212899019,1
1.52716198,0.736443149,1
-1.222476673,-1.540315999,0
0.5825402,-0.747552975,1
-1.87238374,1.407484005,0
0.609071287,1.204206108,1
-0.102084991,-0.520660829,0
-1.486169684,0.164179951,0
-2.24355325,-0.536410551,0
0.544890739,-0.851443931,1
1.068516289,-1.031090601,1
1.207940341,-1.17158726,1
1.865049415,0.195344429,1
1.20891632,0.927972814,1
0.947459212,-0.905992394,1
1.905751351,-1.383379177,1
0.613209618,1.462199024,1
-1.542715277,-1.113196177,0
0.629342067,-0.78424774,1
0.546047735,-0.976788783,1
0.964153589,0.443072145,1
-1.020323265,0.37555006,0
0.942017494,-1.081930444,1
2.658590905,-0.205478712,1
0.011471268,-0.343911291,0
1.643014398,0.299876656,1
0.641940351,-0.930135063,1
0.257000901,-0.839432683,1
0.391750156,1.39537736,0
-1.216240829,-1.078062888,0
2.026679389,0.358761319,1
-0.405078888,-0.878071925,0
-0.852949026,-0.439537577,0
-1.74720399,-0.716784719,0
-0.731190929,1.201607584,0
1.752596669,-1.318421417,1
-0.734399312,0.42879738,0
1.501782064,-1.141019073,1
-1.769510197,0.689983866,0
-1.058341691,1.513731902,0
-1.319870077,-1.38272174,0
1.233153294,-1.068095714,1
-1.495602692,0.946293901,0
0.68874633,-0.993886031,1
-0.649712853,-1.789273003,0
-1.953264705,1.168331518,0
-2.879053926,0.182248431,0
-0.804985899,-0.655973942,0
1.704141398,0.635364826,1
-1.485842537,0.273913075,0
-1.405362458,0.326879626,0
0.284261302,1.365497259,0
-1.95915335,-0.7945834,0
-0.977784094,0.207176978,0
1.245961759,-0.920077855,1
-1.29967561,0.361253251,0
0.818302005,-0.898446267,1
-1.489356414,-0.099960627,0
-1.204659065,0.384781656,0
2.109342511,-0.289138636,1
-0.928350899,-1.899079004,0
-1.572161901,-2.502373037,0
1.324264769,-1.075188273,1
0.27357395,-0.774555583,1
-1.716718848,-0.8528942,0
0.400195709,0.86626509,0
1.90399452,-0.129393736,1
-0.118239712,1.551767674,1
0.538587504,-1.276096643,0
0.121481463,-3.034313513,0
-1.542232375,-0.162151278,0
0.028136551,-0.619877019,1
0.269774934,1.125815853,1
-1.267733135,-0.578672909,0
-1.00238536,-0.530164494,0
0.131825403,-0.710942169,1
-1.295638199,-1.402557725,0
-2.076005912,-1.706654756,0
0.061032687,1.43768509,1
-1.185362539,-0.994815866,0
-0.215576346,1.4658649,0
0.560366157,-0.835961983,1
0.46952539,-0.923803243,1
1.898085887,-1.339381721,1
1.055017958,2.220019942,1
-0.554442151,2.286131706,0
-0.990124911,0.261934373,1
-1.821353043,-0.150905096,0
-1.572284771,2.079967776,0
0.414101302,-0.741144912,1
-0.412084108,-0.776838915,0
1.069960406,1.012289629,1
1.067248584,-1.063846017,1
0.716398781,0.402630225,1
-0.618004032,-0.630167355,0
-0.07408183,1.429922316,1
-2.239893298,0.941882311,0
-0.93691893,2.9003334,0
-0.744721919,-1.747820961,0
1.123406268,1.256590912,1
1.930232219,1.158409698,1
0.906859887,-0.927212151,1
0.471426716,-0.817659868,1
-0.327560675,-0.530813013,0
-1.805755427,-0.612211187,0
1.632912572,-1.235588274,1
0.188623576,-0.700924719,1
0.361637155,1.335132952,0
-0.092304115,-2.891461751,0
0.648494916,-0.878380256,1
-2.633893107,1.027635604,0
-1.71674466,-1.028921625,0
0.471476075,-0.842102987,1
-0.580853133,-1.528207823,0
0.142536181,-0.813204074,1
3.466346851,0.404660521,1
1.529935221,1.025627861,1
0.200052065,-1.635894721,0
1.251631198,-1.193600387,1
2.865770617,-0.192120909,1
0.79075143,-0.907000607,1
-2.405100487,-2.40028678,0
-0.290511311,1.861624082,0
0.935519065,1.078634857,1
0.523092007,0.82434633,1
0.194664052,-0.598588758,1
0.629083753,1.115701642,1
-0.429664502,-1.28857909,0
-0.730203059,-0.567514671,0
0.254677633,-0.657116688,1
1.971504856,-1.432034105,1
-1.195448849,-2.267121941,0
-0.907201989,0.674318256,0
1.176373537,-0.909460185,1
2.363200518,-0.388297842,1
0.594621537,1.615063573,1
0.541958066,2.579490873,0
-0.574632116,0.574016887,0
0.339384489,-0.759606978,0
1.646658166,0.336698558,1
-0.936837375,2.091310675,1
0.93205642,-1.022719017,1
1.088963284,-1.040039011,1
1.487778239,-1.082107042,1
0.770928707,-0.940535854,1
1.680409235,-1.591286954,1
0.679440282,0.449050843,1
-1.269551654,-2.815152251,0
-0.632058343,1.658426516,0
0.844690937,-0.847823028,1
-1.390704693,-1.040225089,0
-1.808866254,-1.57360793,0
0.736120292,1.929080385,1
-0.729225144,-1.340714636,0
-0.667680622,1.65475097,0
-1.51290511,2.534124556,1
0.340882436,-0.72763906,1
0.631448923,1.283165652,1
0.339566027,-0.777368593,0
-1.002765113,-0.672114484,0
0.515368011,1.249241534,1
-1.402398257,-0.840125926,0
1.210555758,-1.029898346,1
-0.522957894,-0.626816358,0
0.770379351,0.886235065,1
0.896154562,0.651700587,1
1.117096692,1.753196573,1
-0.809761644,1.527206555,0
1.753079392,-1.343794295,1
-0.072170014,1.699651546,0
-0.896018476,1.585845261,0
-0.743395288,0.752358681,0
0.807639113,-0.763970837,1
-0.722617599,1.706876981,0
-0.856141947,-0.856359365,0
2.117817387,0.483347599,1
0.438425237,-0.816525599,1
-1.407716244,1.052226819,0
-0.54360229,-2.31086258,0
0.9681996,-1.032156399,1
1.358889861,-1.072031593,1
-0.163448399,-0.227060442,0
0.969605734,0.762486385,1
-0.480698915,-0.179531884,0
1.275901329,-1.12837791,1
-2.107931595,-2.99653139,0
-0.597702771,1.587013864,0
1.895294177,-1.43610445,1
0.552158225,0.683729478,1
-0.382394802,-0.336399228,0
-0.035641356,-0.675197215,1
-1.0612591,-1.617077528,0
-2.030250983,0.1279998,0
0.512184354,1.57180207,1
1.13927788,1.273248584,1
-1.536736208,2.353993396,0
-1.038738092,-2.094457236,0
-1.026907843,-1.99905072,0
1.516241384,0.684736412,1
-1.4746293,1.060473285,0
-1.627134208,-2.544455082,0
-2.569765582,-2.066480149,0
0.064772725,-0.493743377,1
-0.267982543,1.578058041,1
0.884383043,-1.029059836,1
0.360684127,1.836387474,1
-0.033544777,0.736622907,0
-0.162626754,1.303711503,0
0.869046919,-0.977693571,1
-1.04160987,-0.464870709,0
0.305623237,0.336991856,0
-0.392974304,1.476500024,0
0.310480668,0.303170076,0
-0.125722139,-2.09717264,0
0.085152513,1.345511009,0
1.054119103,-1.14443446,1
-1.107314637,-2.348300434,0
-1.014420459,2.047412627,0
-0.326731212,2.859697996,1
2.256855628,-0.396940794,1
-1.688675817,-1.883003423,0
-0.021891953,-2.210665512,0
-0.175179149,-0.322821357,0
1.615816642,0.993280876,1
1.762688807,0.66236368,1
-1.182433231,0.611089106,0
1.020946152,1.585140483,1
-0.577306967,0.67030874,0
-2.31114184,1.423923076,0
1.829019768,-1.173708378,1
-1.491882778,0.24496544,0
-1.19963448,-0.226666475,0
1.114726391,0.450491626,1
1.321607078,-1.200644918,1
-2.35405446,-0.021788324,0
-1.182075414,-1.719374824,0
1.620244392,-1.239011494,1
1.526374962,-1.234021428,1
-0.584065946,-2.115312547,0
-1.113825517,0.226636876,0
-1.095177532,-1.816165328,0
-0.795455571,2.235904941,1
0.658677501,-1.035130464,1
-0.195029292,-1.695421311,0
-0.336770536,1.637323844,0
-0.337584081,0.572082027,0
-1.045604687,-0.087614117,0
-1.317395643,1.04237672,0
-0.428032938,1.281439685,0
1.56976141,-1.185267547,1
2.37343305,-1.568408824,1
0.457821305,1.903912865,1
-0.961214419,1.325768845,0
1.056618552,0.770169313,1
1.602680932,-1.135562583,1
0.965224787,1.541852536,1
0.593879536,-0.845960335,1
-2.456362972,1.249149499,0
1.216246774,-1.112744847,1
1.363482397,0.835368665,1
1.132347936,0.874588982,1
-1.82390223,-1.231697194,0
-1.200831853,1.376109111,0
-1.420264262,0.607924343,0
2.11839004,0.746983018,1
-1.224990427,-0.692529838,0
-0.578239846,0.386685149,0
0.458477136,0.496019992,0
-1.236137703,-0.762195882,0
0.928208636,-1.210459592,1
0.340753414,-0.234006765,0
0.601113734,-0.93951123,1
1.126691778,0.512160962,1
0.675894089,-0.924945248,1
-0.65804021,-0.05014459,0
2.629969807,-0.138318282,1
1.587669692,-1.111822244,1
-0.36213205,-1.280853842,0
-0.457794109,-0.935680282,0
1.019536882,-0.250189438,1
0.590078411,-0.967559456,0
1.84909699,-0.667283159,1
0.682441334,1.10459913,1
-3.117721359,-0.019901387,0
-1.263481149,1.017278476,0
-0.818633164,2.133020697,0
1.156907277,1.829575532,1
0.630144133,0.902148542,1
-1.978299499,-1.698884277,0
-0.533779168,-0.606519224,0
1.866536129,1.47160676,0
1.064908866,-0.991449968,1
-0.594171599,1.438633977,1
-1.927224907,-2.002148019,0
-1.029849863,0.004331119,0
-1.348432431,-2.676232992,0
1.201882401,-0.144867493,0
-1.466866041,-0.723168606,0
1.524075715,-1.102254254,1
0.672455715,1.405798619,1
-0.443657026,-0.274992764,0
2.390585853,0.705360883,1
1.088856546,-1.206172597,1
1.622992121,-1.206079974,1
-0.179588233,-1.235605503,0
0.073156061,-0.494008759,1
0.745186161,-0.988750129,1
0.111985175,-0.746824442,1
1.260129434,-1.102767406,1
-1.429487799,3.120369235,0
-0.913621822,-0.095586145,0
-1.767385083,-3.114204453,0
0.705161089,-1.025606086,1
3.277658237,-0.214815873,1
0.821772807,-0.011486988,1
1.260204994,2.095480386,1
0.9426344,-0.945939238,1
-0.42396952,1.05054386,1
1.187263218,-0.929902025,1
0.798125259,-0.930472045,1
0.865566908,-0.91788895,1
0.634055197,-0.90228456,1
1.350514918,1.600179103,1
-1.081217878,-0.517499568,0
-1.994884712,-1.478675535,0
1.379288987,-1.159164719,1
-0.414836755,0.731410387,0
-1.718900341,-2.187447982,0
-1.49734228,-0.841883815,0
-1.186679423,-1.57312323,0
-2.672027619,0.427969219,0
-1.070277377,-0.377739079,0
1.349585158,-1.045818145,1
-3.512661253,-0.034343824,0
0.225193002,-0.727673517,1
1.515460287,-1.107882413,1
1.278965502,1.495533394,1
1.376607628,-0.603135208,1
-2.276078942,-1.00279213,0
0.796433784,0.551024703,1
-2.168725722,-0.137045247,0
-0.804958511,0.391908652,0
-1.001648263,-2.567377376,0
-1.544598244,-1.072130651,0
2.25412143,0.321165474,1
0.514690261,0.962202117,0
1.372020983,-1.003708056,1
0.170189676,2.491536512,0
-0.921184157,-0.321804715,0
0.318101195,0.25327417,0
1.502963803,-1.159417787,1
-1.087248629,-1.642136937,0
-1.549675128,-1.828695213,0
0.064401623,-0.631665425,1
0.663222584,-0.955057955,1
-0.026595387,0.410868987,0
-0.021780778,0.319048149,1
0.707586867,-0.951945706,1
-0.433471784,2.381554411,0
-1.552500769,0.163951601,0
2.203880639,-1.46451283,1
-0.44001235,1.249972957,1
-1.198692856,-0.286770644,0
1.058253612,-1.032511887,1
-1.417471629,2.675593497,0
2.66375622,0.462490268,1
2.151772207,-1.582806665,1
0.73684063,-1.045985577,1
1.651244726,0.246539818,1
-1.920536475,-0.32372492,0
0.102338278,1.422311325,1
0.737866538,-0.926969472,1
-2.433558431,0.89897074,0
-1.740197557,1.49341304,0
0.990879292,2.982871575,0
-0.629711709,-1.603114402,0
0.893836652,0.358264723,1
-1.302513896,-1.717219444,0
0.891991355,1.813739947,1
-1.485818581,-1.209153614,0
1.76766611,-0.518966189,1
0.739660573,1.063000242,0
1.844832206,-0.530944177,1
-1.187331304,-0.269024893,0
-0.021076626,-0.31725932,0
-2.846348557,1.090792281,0
1.634557575,0.8353204,1
0.541249027,1.820739722,1
-0.503024117,0.506259524,0
0.023630674,-0.661412295,1
-1.172508969,1.057799837,0
3.193520581,-1.202605387,1
1.041840742,0.503559298,1
0.274299503,-0.74036095,1
-1.156258632,0.894265365,0
0.626889987,-0.856637348,1
-0.816897145,-2.03752455,0
0.986786541,0.871733651,1
0.00756446,-0.81429921,1
-0.783432533,-0.335219018,0
-0.604372847,-0.397969137,0
1.42375166,-1.191841916,1
0.925978735,-1.022615186,1
0.363184786,0.972163631,1
-0.632512845,-1.426192794,0
-1.076547924,-1.453493815,0
-2.156325464,1.22655164,0
0.857698054,1.322838847,1
-0.897496373,-0.297655452,0
-0.162459453,1.769733981,1
-2.507750544,0.117145937,0
0.322551514,2.608924056,1
-0.152360227,1.886672702,1
-0.174854929,1.438957044,1
-1.278978387,-1.216829141,0
-2.645530799,0.596913247,0
-0.740925421,1.605472722,0
0.620370837,1.713465513,1
1.300423427,-1.148618776,1
-1.554096986,0.111781732,0
2.387826442,-1.50630378,1
0.902759936,1.039102574,1
-0.631142809,0.460173058,0
0.050428302,2.655377567,1
-0.196819741,-0.72998096,0
-0.196513347,2.2875464,1
-0.396313511,2.028427109,1
0.468204111,2.169394726,1
1.103981989,-0.767403888,1
0.992004807,-1.087577227,1
-2.547812371,-0.666113575,0
0.42142118,1.191513255,0
0.46819874,-0.802171415,1
-0.06850466,1.689713507,1
-1.73364385,-2.092526441,0
0.607194971,-0.901399837,1
0.949152369,-0.906961071,1
0.104816863,1.454545598,1
1.683817531,0.754775765,1
1.280869044,-1.046591239,1
1.078944014,-1.018281565,1
-1.646680564,1.052422968,0
-0.061575979,2.648854028,0
-0.834556954,-1.850417733,0
0.243430292,0.091477523,1
-0.661958733,0.548314366,0
0.994881384,-0.957230141,1
1.880641242,-1.341351042,1
-2.328147523,-0.304533058,0
1.31116682,-1.05564803,1
0.959062259,-0.947592279,1
0.122871895,-0.667700387,1
-0.505844676,-1.34798642,0
-1.176056197,2.443909959,0
2.023291773,-1.172381166,1
-0.560446841,1.373634561,0
-0.806055079,-1.250339262,0
1.707343053,-1.176366983,1
-1.16168027,0.444844868,0
-1.16945067,-1.142344858,0
1.207516924,-1.177584137,1
1.146824779,2.950459281,0
-0.016770517,-1.280112126,0
1.563532617,-0.723976898,1
-2.007148248,1.072312164,0
-0.42264999,0.913858686,0
0.265073415,1.917610081,1
-0.996461625,1.075570952,0
0.428775039,-0.792701696,1
-1.178458095,-1.097709355,0
-0.199907847,-1.01610905,0
-1.990262118,-1.810197605,0
-0.283149433,-2.249573791,0
-1.126309361,0.475948726,0
0.186457096,2.785988154,0
0.826201229,0.598774456,1
0.545151941,-0.756184209,1
0.624033414,0.025523074,0
-1.429325539,0.277752684,0
-1.387547142,-0.197059647,0
1.472404757,0.408004462,1
-1.734873571,-0.736581316,0
1.037588445,-0.88818705,1
-0.063618477,-0.021274081,0
-0.748583314,1.874684483,0
2.179929323,-0.478662474,1
-0.544605617,-0.878874821,0
-2.676460197,-0.327741995,0
-0.617499923,-0.227468704,0
0.687983525,-0.823608005,1
-0.103118358,2.188312757,1
0.880371689,1.32215715,1
2.006476371,-0.037539073,1
0.730895008,1.943308057,1
-0.653454045,-0.316564722,0
1.860073504,0.504903918,1
-1.885165417,-1.641152408,0
-0.909316527,0.489918417,0
1.793987104,0.394411923,1
1.46372922,-1.13843732,1
0.700176615,0.191248346,1
1.318497118,0.507883592,1
0.296419599,-0.801380438,1
1.167216052,-1.03950469,1
-1.382941742,-1.487587077,0
1.706368042,-1.20539049,1
0.565765198,-0.892340453,1
-0.502823975,-2.00260542,0
-0.915923107,-0.411282471,0
0.651709452,-0.822440239,1
-3.126266745,-1.167479624,0
-1.767588806,-0.413071301,0
1.604331689,-1.233169074,1
1.677150181,-1.189344337,1
0.707987143,-1.004858532,1
0.742183314,-1.433157432,0
-1.137415236,-0.335934764,0
-2.754911136,-0.465236669,0
0.848336538,1.828354216,1
1.566967149,-1.287780382,1
-2.91930215,-1.411738662,0
-0.634690648,1.048353865,0
-1.459745714,-0.055303034,0
-1.751565734,1.791264393,0
1.092205038,-0.971224404,1
0.312576478,-0.380724517,0
0.988453783,-1.021960658,1
0.290185099,0.463678121,1
1.108647949,-1.087157613,1
1.483165697,-1.237964056,1
-1.036518663,1.809292896,0
0.651460318,1.322012712,1
-1.387150756,1.202626942,0
2.360378085,-0.128189716,1
0.521450675,1.047104244,1
-1.297393847,-1.79133931,0
-0.528775022,0.0068956,0
2.138690599,1.168781194,1
1.68577509,-1.407292532,1
1.389387475,-1.078781844,1
-0.233539025,-1.028472297,0
1.166274859,-1.089524549,1
-1.538088618,-0.354525042,0
1.706112487,-1.390640148,1
0.483349359,1.692711252,1
1.96805747,0.895984635,1
1.62192336,1.116152206,1
-0.580469752,-1.719264492,0
-2.339475125,-1.530797622,0
1.271083488,-1.134949528,1
-1.071797698,1.327962913,0
-0.291806216,-1.74422429,0
-1.799975155,1.880712307,0
-1.089302875,-0.861399162,0
-1.239541653,-0.088111172,0
0.19472483,-0.620454824,1
-0.553820487,1.50891588,1
0.744706933,0.792227144,1
0.497788999,-0.872492996,1
0.143252675,-0.772243736,1
-0.471871017,0.79418418,0
0.758282865,-0.989743129,1
-0.855645008,-0.376668999,0
2.63201133,0.926008054,1
0.547363494,-0.687841905,1
0.251082875,-0.127604244,0
-1.294774245,-1.399307862,0
0.078233324,0.569126027,1
0.710205011,-0.734140639,1
-0.630193484,0.546236627,0
-2.243076405,-0.975002818,0
-0.556548205,0.001316974,0
-1.209653194,1.60057117,0
1.120465594,2.252680546,1
0.245870682,0.840809533,1
-1.245477853,0.674871021,0
-0.884357433,-1.398635095,0
-0.367708426,-1.200618342,0
-1.842361152,0.072932173,0
1.539206299,1.601135484,1
-0.094643358,-0.512012575,0
-0.518289704,-0.867461721,0
0.415279416,-0.793829717,1
2.084526705,0.39711796,1
-1.425244193,0.004480753,0
1.020468095,1.658900678,1
1.177844147,-1.042458908,1
-0.992415816,-1.512513026,0
-2.299724452,0.286746602,0
-1.276475168,-0.480822676,0
0.792440285,-0.373858045,1
1.050141263,0.47662902,1
-0.956305707,3.504654902,0
-0.811477253,-1.916769592,0
1.010206364,2.105250348,1
-0.664309853,0.920316753,0
0.695114265,-0.875001963,1
1.241723588,-0.916093611,1
-0.379867822,3.045325939,0
0.969450317,-0.954923315,1
-1.719346305,-1.833813312,0
-0.478037801,-1.440800002,0
1.171556753,1.476294834,1
0.316552935,2.517460051,1
-2.136167408,1.948372767,0
-1.288295708,2.625100849,0
-1.985727017,1.345945664,0
-1.339622133,-0.129886166,0
-1.055028701,1.686512525,0
-1.953338852,1.06567048,0
-1.689310939,-0.352324225,0
0.313335572,1.655392488,0
1.734016711,0.031388988,1
-0.522147252,-0.692639762,0
2.00099491,-1.357854171,1
0.805497461,-0.91291486,1
-1.1364994,1.137952566,0
-0.119864242,-1.102547414,0
-0.202735138,2.310226857,0
2.043715149,-0.355220115,1
-1.196986484,2.138425215,1
0.749491414,-0.979467259,1
-2.89660952,0.277914838,0
-1.299704477,2.231111302,0
-0.418516677,1.674558147,0
