Weight,Bias,Cost
3.07859642189758,-1.0326631487549147,289143.8488772335
5.332267259275188,-0.9420077534107514,228256.6458941121
7.333833036509502,-0.8613746162223922,180229.4914234773
9.111494754147827,-0.7896426291776806,142346.200943052
10.69029878970734,-0.725816093756461,112464.27815204597
12.092489780419283,-0.6690106923619468,88893.74567180441
13.337824031769761,-0.6184410290171799,70301.5680430311
14.443847867504259,-0.573409563785298,55636.2616434093
15.426144842817237,-0.5332967850087442,44068.42782469599
16.29855530375619,-0.4975524809023986,34943.84610917062
17.073371386250557,-0.465687987524595,27746.47462194524
17.76151020214057,-0.4372693039063492,22069.265241313642
18.372667652253895,-0.41191097733666193,17591.142912232048
18.915455033629136,-0.38927067265262405,14058.84718348089
19.397520365568997,-0.36904434902011357,11272.609013073496
19.82565614390684,-0.35096197624991304,9074.852790826335
20.205895041655126,-0.33478373029568476,7341.284618757088
20.54359490437874,-0.3202966143315165,5973.86284525711
20.84351423780771,-0.3073114578028154,4895.2533002167465
21.109879251247335,-0.29566025116965833,4044.4556458365287
21.34644340137195,-0.28519377879133817,3373.3534905346464
21.556540275325094,-0.2757795166014055,2843.9931569648247
21.743130558205287,-0.26729976495318675,2426.437204335087
21.90884374667036,-0.2596499903291165,2097.0713105601885
22.056015196370616,-0.2527373525499394,1837.2687596352605
22.186719025178437,-0.24647939673337754,1632.3370040514612
22.302797335793674,-0.24080289157304335,1470.6867248841245
22.40588616944715,-0.2356427975699079,1343.176395583376
22.497438556368486,-0.23094135067955987,1242.595281143514
22.578744987780283,-0.2266472484646027,1163.255633567678
22.650951597852124,-0.2227149272857507,1100.6710201620656
22.715076311783108,-0.21910392034784365,1051.3025924532544
22.772023187525996,-0.2157782875561802,1012.3589459172752
22.82259515321606,-0.2127061091503166,981.6382515482013
22.86750531976443,-0.20985903598105007,957.40373098598
22.907387028001043,-0.20721189009436145,938.2854326749681
22.94280277192313,-0.20474230999487508,923.2027539844621
22.974252123770402,-0.20243043559089188,911.3033275145534
23.002178772584738,-0.20025862838213102,901.9148152903196
23.026976775421826,-0.1982112229478575,894.5068845555148
23.048996109289163,-0.1962743062340686,888.6612146993199
23.068547602032638,-0.19443552153007831,884.0478390519844
23.085907311643805,-0.1926838943726918,880.406483554977
23.10132041568867,-0.1910096779251039,877.5318469104519
23.115004665656805,-0.1894042156520381,875.261989726004
23.127153454899766,-0.18785981935633228,873.4691760005087
23.137938543383438,-0.1863696608586076,872.0526489894755
23.147512477643918,-0.18492767579387664,870.9329328875601
23.156010740042042,-0.18352847816966475,870.0473380587823
23.163553657597785,-0.1821672844818388,869.3464156118364
23.170248097298458,-0.18083984631899855,868.7911608083332
23.176188971766187,-0.17954239050588194,868.3508071421496
23.181460576498242,-0.17827156594245472,868.0010863336393
23.186137777520887,-0.17702439638969064,867.7228558322978
23.190287066189764,-0.17579823853683352,867.5010162060688
23.19396749599811,-0.17459074475934308,867.3236571899907
23.197231514591625,-0.17339983004281512,867.1813840988248
23.200125702712434,-0.1722236426068612,867.0667865087883
23.202691430483206,-0.17106053781506292,866.9740191595822
23.20496544027798,-0.16990905500341308,866.898471374543
23.206980364391825,-0.1687678969007763,866.8365063029263
23.208765184802875,-0.16763591135141986,866.7852552370927
23.210345641504443,-0.16651207508210064,866.7424553721921
23.21174459516024,-0.16539547928499962,866.7063218327864
23.212982349192217,-0.16428531681337968,866.6754467288707
23.214076935838985,-0.1631808708095639,866.6487195323825
23.215044370215146,-0.16208150460501203,866.6252642710631
23.215898875951012,-0.1609866527501956,866.6043899876852
23.216653085591794,-0.15989581304788997,866.5855516628244
23.217318218579717,-0.15880853947763904,866.568319391185
23.217904239326675,-0.15772443591170424,866.5523540682193
23.218419997604567,-0.1566431505339605,866.5373882120052
23.218873353231253,-0.15556437088310632,866.5232108357617
23.219271286808887,-0.15448781945035076,866.5096555154383
23.219619998074837,-0.15341324976955226,866.4965909775852
23.21992499325085,-0.15234044294472288,866.4839136751493
23.220191162621163,-0.15126920456597312,866.4715419313569
23.220422849432566,-0.15019936197044564,866.4594113204664
23.220623911087163,-0.14913076180964666,866.4474710241618
23.220797773489963,-0.1480632678889007,866.4356809575103
23.22094747931706,-0.14699675924848865,866.4240095019558
23.221075730884422,-0.14593112845943348,866.4124317171271
23.221184928221287,-0.14486628010992314,866.4009279303291
23.221277202884586,-0.14380212946104534,866.3894826239516
23.22135444799082,-0.1427386012528945,866.3780835578722
23.221418344888512,-0.1416756286442303,866.3667210772103
23.221470386847013,-0.1406131522707481,866.3553875662985
23.22151190009543,-0.13955111940869325,866.3440770179774
23.221544062508098,-0.13848948323203522,866.3327846938605
23.22156792019986,-0.13742820215273588,866.3215068563577
23.221584402264956,-0.1363672392348166,866.3102405572907
23.221594333867195,-0.13530656167396926,866.2989834711658
23.221598447865833,-0.1342461403353788,866.2877337636547
23.221597395140947,-0.13318594934324612,866.2764899878528
23.2215917537638,-0.1321259657162277,866.2652510024523
23.221582037141392,-0.13106616904365567,866.2540159071983
23.22156870124994,-0.13000654119797678,866.2427839919749
23.221552151059196,-0.12894706607935827,866.2315546966427
23.221532746238154,-0.1278877293888629,866.2203275793672
23.22151080622247,-0.126828518426997,866.2091022916283
23.221486614715058,-0.12576942191479332,866.1978785585098
23.221460423683226,-0.124710429834908,866.1866561631606
23.22143245690869,-0.12365153329049274,866.1754349345206
23.22140291314047,-0.12259272437985376,866.164214737656
23.2213719688951,-0.12153399608513182,866.1529954661283
23.221339780943605,-0.12047534217343457,866.1417770359747
23.221306488520273,-0.11941675710902853,866.1305593809583
23.221272215284344,-0.11835823597535347,866.1193424488308
23.22123707106228,-0.11729977440576032,866.1081261983704
23.221201153395118,-0.11624136852199705,866.09691059706
23.22116454891275,-0.11518301487957548,866.0856956192428
23.221127334554463,-0.11412471041924957,866.0744812446762
23.22108957865295,-0.11306645242392145,866.0632674573897
23.221051341897066,-0.11200823848036798,866.0520542447766
23.22101267818688,-0.1109500664452487,866.040841596892
23.220973635393086,-0.10989193441491621,866.0296295058833
23.220934256031455,-0.10883384069860358,866.0184179655541
23.220894577861852,-0.1077757837946111,866.0072069710078
23.220854634420245,-0.10671776236915681,865.9959965183799
23.220814455491194,-0.10565977523759292,865.9847866046148
23.220774067527493,-0.10460182134772326,865.9735772272985
23.22073349402287,-0.10354389976498708,865.9623683845203
23.22069275584299,-0.10248600965930002,865.9511600747693
23.22065187151944,-0.1014281502933672,865.9399522968473
23.22061085751082,-0.10037032101230357,865.928745049805
23.22056972843464,-0.09931252123441543,865.9175383328867
23.220528497273257,-0.09825475044301302,865.9063321454929
23.22048717555679,-0.09719700817913911,865.8951264871437
23.22044577352558,-0.09613929403511087,865.8839213574579
23.22040430027445,-0.09508160764878427,865.8727167561264
23.22036276388086,-0.09402394869845992,865.8615126829025
23.22032117151871,-0.09296631689835896,865.8503091375853
23.220279529559395,-0.09190871199460486,865.8391061200113
23.220237843661604,-0.09085113376165473,865.8279036300466
23.220196118851028,-0.08979358199912989,865.8167016675795
23.220154359591167,-0.088736056529001,865.8055002325178
23.220112569846222,-0.08767855719308795,865.7942993247837
23.22007075313695,-0.0866210838508395,865.7830989443091
23.22002891259027,-0.08556363637736128,865.7718990910354
23.219987050983303,-0.08450621466166439,865.7606997649109
23.219945170782523,-0.0834488186051099,865.7495009658923
23.219903274178495,-0.0823914481200274,865.7383026939373
23.21986136311674,-0.08133410312848795,865.7271049490076
23.21981943932514,-0.08027678356121445,865.7159077310688
23.2197775043383,-0.07921948935661384,865.7047110400878
23.21973555951915,-0.07816222045991748,865.6935148760333
23.219693606078163,-0.07710497682241782,865.6823192388767
23.219651645090398,-0.07604775840079037,865.6711241285876
23.219609677510658,-0.07499056515649151,865.6599295451392
23.219567704186932,-0.07393339705522378,865.648735488504
23.219525725872355,-0.07287625406646081,865.6375419586541
23.21948374323581,-0.07181913616302552,865.626348955565
23.219441756871348,-0.07076204332071546,865.6151564792098
23.219399767306573,-0.06970497551797007,865.6039645295632
23.219357775010067,-0.06864793273557512,865.5927731065995
23.21931578039799,-0.06759091495640031,865.5815822102935
23.21927378383995,-0.06653392216516606,865.5703918406183
23.219231785664203,-0.06547695434823658,865.5592019975511
23.219189786162286,-0.06442001149343596,865.5480126810655
23.219147785593123,-0.06336309358988486,865.5368238911369
23.219105784186667,-0.06230620062785548,865.5256356277405
23.21906378214715,-0.06124933259864274,865.5144478908505
23.21902177965595,-0.0601924894944499,865.503260680443
23.21897977687416,-0.059135671308286925,865.4920739964931
23.218937773944848,-0.05807887803388027,865.4808878389754
23.218895770995072,-0.057022109665592714,865.469702207865
23.218853768137674,-0.0559653661983522,865.4585171031371
23.21881176547288,-0.054908647627588576,865.4473325247675
23.21876976308969,-0.053851953949177536,865.4361484727316
23.21872776106715,-0.05279528515939066,865.4249649470033
23.218685759475466,-0.05173864125485116,865.4137819475594
23.21864375837698,-0.05068202223249458,865.4025994743745
23.218601757827066,-0.049625428089533796,865.391417527422
23.218559757874896,-0.04856885882342807,865.3802361066807
23.21851775856414,-0.047512314431855426,865.3690552121233
23.21847575993358,-0.04645579491268822,865.3578748437251
23.218433762017654,-0.04539930026397138,865.3466950014616
23.218391764846952,-0.044342830483903126,865.3355156853096
23.218349768448636,-0.04328638557081779,865.3243368952428
23.218307772846828,-0.042229965523170626,865.3131586312356
23.218265778062943,-0.04117357033952427,865.3019808932657
23.218223784116006,-0.040117200018536706,865.2908036813059
23.21818179102291,-0.039060854558950656,865.2796269953327
23.218139798798653,-0.03800453395958408,865.2684508353223
23.21809780745655,-0.03694823821932173,865.2572752012475
23.218055817008434,-0.0358919673371077,865.2461000930853
23.2180138274648,-0.034835721311938815,865.2349255108113
23.217971838834977,-0.03377950014285871,865.2237514543983
23.217929851127238,-0.032723303828952596,865.2125779238252
23.21788786434893,-0.031667132369342606,865.2014049190643
23.217845878506587,-0.030610985763183662,865.1902324400916
23.217803893605993,-0.029554864009659853,865.179060486883
23.217761909652292,-0.0284987671079811,865.1678890594125
23.217719926650048,-0.027442695057380347,865.1567181576571
23.217677944603313,-0.02638664785711091,865.1455477815912
23.21763596351568,-0.02533062550644428,865.1343779311902
23.217593983390337,-0.024274628004668015,865.1232086064289
23.21755200423012,-0.023218655351083976,865.1120398072818
23.21751002603754,-0.02216270754500677,865.1008715337264
23.217468048814823,-0.021106784585762255,865.0897037857369
23.217426072563946,-0.020050886472686325,865.0785365632883
23.21738409728666,-0.018995013205123784,865.0673698663563
23.217342122984522,-0.01793916478242734,865.0562036949156
23.217300149658907,-0.01688334120395672,865.0450380489414
23.217258177311034,-0.015827542469077905,865.0338729284091
23.217216205941988,-0.014771768577162418,865.0227083332953
23.217174235552726,-0.013716019527586712,865.0115442635733
23.217132266144098,-0.012660295319731613,865.0003807192198
23.21709029771685,-0.011604595952981848,864.9892177002096
23.217048330271652,-0.01054892142672558,864.9780552065172
23.217006363809087,-0.009493271740354067,864.9668932381201
23.216964398329676,-0.008437646893261272,864.955731794991
23.216922433833876,-0.007382046884843592,864.9445708771055
23.216880470322092,-0.006326471714499586,864.9334104844415
23.216838507794684,-0.0052709213816297205,864.9222506169707
23.216796546251963,-0.00421539588563617,864.9110912746708
23.216754585694204,-0.003159895225922642,864.8999324575173
23.21671262612165,-0.0021044194018941423,864.888774165483
23.21667066753452,-0.0010489684129569095,864.8776163985461
23.216628709932994,6.457741481756931e-06,864.8664591566795
23.216586753317237,0.0010618590620136042,864.8553024398603
23.21654479768739,0.0021172355492295623,864.8441462480629
23.216502843043582,0.0031725872037198007,864.8329905812627
23.216460889385914,0.004227914026073807,864.8218354394351
23.216418936714483,0.005283216016880497,864.8106808225551
23.216376985029367,0.006338493176728227,864.7995267305985
23.216335034330637,0.007393745506204912,864.7883731635403
23.216293084618346,0.008448973005898018,864.7772201213559
23.21625113589255,0.00950417567639466,864.76606760402
23.216209188153282,0.010559353518281599,864.7549156115089
23.21616724140058,0.011614506532145312,864.7437641437975
23.21612529563447,0.012669634718572001,864.7326132008607
23.216083350854973,0.013724738078147645,864.7214627826742
23.216041407062107,0.014779816611457997,864.7103128892135
23.215999464255887,0.015834870319088618,864.699163520454
23.215957522436316,0.016889899201624894,864.6880146763691
23.215915581603404,0.017944903259652072,864.6768663569374
23.21587364175715,0.018999882493755234,864.6657185621312
23.21583170289755,0.020054836904519358,864.6545712919283
23.215789765024603,0.021109766492529315,864.6434245463016
23.215747828138305,0.022164671258369864,864.6322783252283
23.215705892238645,0.02321955120262567,864.6211326286831
23.215663957325617,0.024274406325881334,864.6099874566415
23.215622023399206,0.02532923662872135,864.5988428090778
23.2155800904594,0.026384042111730174,864.5876986859688
23.215538158506188,0.027438822775492196,864.5765550872892
23.215496227539553,0.028493578620591754,864.5654120130135
23.215454297559482,0.029548309647613118,864.5542694631177
23.215412368565957,0.030603015857140512,864.5431274375775
23.21537044055896,0.031657697249758115,864.5319859363688
23.215328513538473,0.03271235382605008,864.5208449594644
23.21528658750448,0.033766985586600524,864.5097045068418
23.215244662456957,0.03482159253199351,864.4985645784759
23.215202738395888,0.03587617466281308,864.4874251743424
23.215160815321255,0.03693073197964326,864.476286294416
23.215118893233036,0.037985264483068014,864.4651479386717
23.21507697213121,0.0390397721736713,864.4540101070857
23.215035052015757,0.040094255052037044,864.4428727996321
23.214993132886654,0.04114871311874914,864.431736016288
23.21495121474388,0.04220314637439149,864.420599757028
23.214909297587415,0.04325755481954795,864.4094640218264
23.214867381417235,0.04431193845480236,864.3983288106595
23.214825466233318,0.04536629728073853,864.387194123503
23.214783552035644,0.04642063129794028,864.3760599603318
23.21474163882419,0.047474940506991394,864.36492632112
23.214699726598933,0.04852922490847563,864.3537932058454
23.214657815359853,0.04958348450297673,864.3426606144825
23.214615905106925,0.05063771929107842,864.3315285470046
23.214573995840126,0.05169192927336442,864.3203970033899
23.214532087559437,0.05274611445041842,864.3092659836121
23.214490180264832,0.053800274822824096,864.2981354876471
23.21444827395629,0.054854410391165113,864.2870055154702
23.214406368633785,0.05590852115602512,864.2758760670566
23.214364464297297,0.05696260711798775,864.2647471423812
23.214322560946805,0.05801666827763662,864.2536187414206
23.21428065858228,0.05907070463555532,864.2424908641498
23.214238757203702,0.060124716192327454,864.2313635105436
23.21419685681105,0.06117870294853659,864.2202366805769
23.2141549574043,0.06223266490476629,864.2091103742254
23.21411305898343,0.06328660206160008,864.1979845914657
23.214071161548414,0.0643405144196215,864.1868593322714
23.21402926509923,0.06539440197941407,864.1757345966201
23.21398736963586,0.06644826474156126,864.1646103844848
23.213945475158273,0.06750210270664658,864.1534866958417
23.21390358166645,0.06855591587525349,864.1423635306659
23.213861689160368,0.06960970424796545,864.1312408889336
23.21381979764,0.0706634678253659,864.1201187706201
23.213777907105325,0.07171720660803826,864.1089971757009
23.21373601755632,0.07277092059656598,864.0978761041499
23.213694128992966,0.07382460979153244,864.0867555559435
23.213652241415236,0.07487827419352101,864.0756355310572
23.213610354823107,0.07593191380311509,864.0645160294662
23.213568469216558,0.07698552862089804,864.053397051145
23.213526584595563,0.07803911864745318,864.0422785960704
23.213484700960098,0.07909268388336385,864.0311606642177
23.213442818310142,0.08014622432921337,864.0200432555617
23.213400936645673,0.08119973998558504,864.0089263700778
23.213359055966666,0.08225323085306215,863.9978100077403
23.213317176273097,0.08330669693222796,863.9866941685275
23.213275297564945,0.08436013822366577,863.9755788524118
23.213233419842187,0.08541355472795881,863.9644640593705
23.213191543104795,0.0864669464456903,863.953349789378
23.213149667352752,0.08752031337744347,863.9422360424097
23.213107792586033,0.08857365552380153,863.9311228184409
23.213065918804613,0.08962697288534768,863.9200101174476
23.21302404600847,0.0906802654626651,863.9088979394049
23.21298217419758,0.09173353325633693,863.8977862842889
23.212940303371923,0.09278677626694634,863.8866751520745
23.21289843353147,0.09383999449507646,863.8755645427357
23.212856564676205,0.09489318794131044,863.8644544562496
23.2128146968061,0.09594635660623135,863.8533448925914
23.212772829921132,0.09699950049042232,863.8422358517352
23.21273096402128,0.09805261959446641,863.8311273336582
23.212689099106516,0.09910571391894671,863.8200193383351
23.212647235176824,0.10015878346444626,863.8089118657404
23.212605372232176,0.1012118282315481,863.7978049158509
23.21256351027255,0.10226484822083527,863.7866984886412
23.212521649297923,0.10331784343289079,863.7755925840871
23.212479789308272,0.10437081386829762,863.7644872021643
23.212437930303572,0.10542375952763879,863.7533823428469
23.212396072283802,0.10647668041149726,863.742278006111
23.21235421524894,0.10752957652045599,863.7311741919318
23.212312359198958,0.10858244785509791,863.7200709002865
23.212270504133837,0.10963529441600599,863.7089681311473
23.212228650053554,0.1106881162037631,863.697865884492
23.212186796958083,0.11174091321895219,863.6867641602955
23.212144944847402,0.11279368546215612,863.6756629585332
23.21210309372149,0.11384643293395777,863.6645622791805
23.21206124358032,0.11489915563494,863.6534621222128
23.21201939442387,0.11595185356568569,863.6423624876046
23.21197754625212,0.11700452672677765,863.6312633753327
23.21193569906504,0.11805717511879872,863.6201647853716
23.211893852862616,0.1191097987423317,863.6090667176973
23.21185200764482,0.12016239759795937,863.5979691722849
23.211810163411627,0.12121497168626452,863.58687214911
23.211768320163017,0.12226752100782992,863.5757756481482
23.211726477898964,0.12332004556323832,863.5646796693746
23.211684636619445,0.12437254535307248,863.5535842127639
23.21164279632444,0.12542502037791511,863.5424892782922
23.211600957013925,0.12647747063834894,863.531394865936
23.211559118687877,0.12752989613495663,863.5203009756696
23.211517281346268,0.12858229686832087,863.5092076074694
23.21147544498908,0.12963467283902436,863.4981147613086
23.21143360961629,0.13068702404764973,863.4870224371651
23.21139177522787,0.13173935049477967,863.4759306350129
23.2113499418238,0.13279165218099678,863.464839354827
23.21130810940406,0.13384392910688367,863.4537485965853
23.211266277968626,0.13489618127302294,863.4426583602602
23.21122444751747,0.1359484086799972,863.4315686458292
23.21118261805057,0.137000611328389,863.4204794532666
23.211140789567906,0.13805278921878092,863.4093907825493
23.211098962069453,0.1391049423517555,863.3983026336515
23.211057135555187,0.1401570707278953,863.3872150065483
23.211015310025086,0.1412091743477828,863.3761279012163
23.210973485479126,0.14226125321200053,863.3650413176297
23.210931661917286,0.14331330732113098,863.3539552557661
23.21088983933954,0.14436533667575666,863.3428697155983
23.210848017745867,0.14541734127646,863.331784697103
23.210806197136243,0.14646932112382344,863.320700200256
23.210764377510646,0.14752127621842942,863.3096162250325
23.21072255886905,0.1485732065608604,863.2985327714075
23.210680741211437,0.14962511215169877,863.2874498393572
23.21063892453778,0.1506769929915269,863.2763674288565
23.210597108848052,0.1517288490809272,863.2652855398806
23.210555294142235,0.15278068042048207,863.2542041724049
23.210513480420307,0.15383248701077382,863.2431233264062
23.210471667682242,0.15488426885238482,863.2320430018586
23.21042985592802,0.1559360259458974,863.2209631987384
23.21038804515761,0.15698775829189382,863.209883917021
23.210346235371,0.15803946589095647,863.1988051566802
23.210304426568158,0.15909114874366756,863.1877269176944
23.210262618749066,0.16014280685060941,863.1766492000365
23.210220811913697,0.16119444021236426,863.1655720036828
23.21017900606203,0.16224604882951438,863.15449532861
23.210137201194044,0.16329763270264197,863.1434191747918
23.21009539730971,0.16434919183232927,863.1323435422038
23.21005359440901,0.16540072621915847,863.1212684308226
23.210011792491922,0.16645223586371177,863.1101938406226
23.209969991558417,0.16750372076657136,863.0991197715813
23.209928191608476,0.1685551809283194,863.0880462236714
23.209886392642073,0.169606616349538,863.0769731968699
23.209844594659188,0.17065802703080937,863.065900691151
23.209802797659798,0.17170941297271558,863.054828706492
23.209761001643876,0.17276077417583874,863.0437572428685
23.209719206611403,0.17381211064076096,863.0326863002534
23.209677412562353,0.17486342236806435,863.0216158786244
23.209635619496705,0.17591470935833092,863.010545977957
23.209593827414434,0.17696597161214275,862.9994765982262
23.209552036315518,0.1780172091300819,862.9884077394063
23.209510246199933,0.17906842191273037,862.9773394014743
23.209468457067658,0.1801196099606702,862.9662715844053
23.209426668918667,0.18117077327448336,862.9552042881749
23.209384881752936,0.18222191185475184,862.9441375127587
23.209343095570446,0.18327302570205764,862.933071258131
23.20930131037117,0.18432411481698271,862.9220055242688
23.209259526155087,0.18537517920010899,862.9109403111465
23.209217742922174,0.1864262188520184,862.8998756187412
23.209175960672408,0.1874772337732929,862.8888114470263
23.209134179405766,0.18852822396451435,862.8777477959787
23.209092399122223,0.18957918942626464,862.8666846655736
23.209050619821756,0.1906301301591257,862.855622055786
23.209008841504346,0.19168104616367934,862.8445599665915
23.208967064169965,0.19273193744050743,862.8334983979668
23.20892528781859,0.1937828039901918,862.8224373498861
23.208883512450203,0.19483364581331425,862.8113768223251
23.208841738064777,0.1958844629104566,862.8003168152595
23.208799964662287,0.19693525528220068,862.7892573286654
23.208758192242712,0.19798602292912823,862.7781983625172
23.20871642080603,0.19903676585182103,862.7671399167912
23.20867465035222,0.20008748405086085,862.7560819914619
23.20863288088125,0.20113817752682941,862.7450245865058
23.208591112393105,0.20218884628030845,862.7339677018981
23.20854934488776,0.20323949031187966,862.7229113376153
23.208507578365193,0.20429010962212477,862.7118554936305
23.208465812825377,0.20534070421162542,862.7008001699214
23.20842404826829,0.20639127408096333,862.6897453664636
23.20838228469391,0.20744181923072014,862.6786910832311
23.208340522102215,0.20849233966147748,862.6676373201999
23.208298760493182,0.20954283537381702,862.6565840773462
23.208256999866787,0.21059330636832033,862.6455313546447
23.208215240223005,0.21164375264556903,862.634479152072
23.208173481561815,0.2126941742061447,862.6234274696029
23.20813172388319,0.21374457105062894,862.6123763072121
23.208089967187114,0.2147949431796033,862.6013256648762
23.20804821147356,0.21584529059364932,862.5902755425715
23.208006456742503,0.21689561329334853,862.5792259402708
23.207964702993923,0.21794591127928248,862.568176857953
23.207922950227797,0.21899618455203265,862.5571282955908
23.2078811984441,0.22004643311218056,862.5460802531616
23.207839447642808,0.22109665696030764,862.5350327306404
23.2077976978239,0.2221468560969954,862.5239857280025
23.20775594898735,0.22319703052282527,862.5129392452236
23.20771420113314,0.22424718023837872,862.5018932822784
23.207672454261242,0.22529730524423713,862.4908478391446
23.207630708371635,0.22634740554098196,862.4798029157951
23.207588963464296,0.22739748112919458,862.4687585122068
23.2075472195392,0.2284475320094564,862.4577146283558
23.207505476596328,0.22949755818234874,862.4466712642164
23.207463734635652,0.230547559648453,862.4356284197653
23.207421993657153,0.2315975364083505,862.4245860949766
23.20738025366081,0.23264748846262262,862.4135442898272
23.20733851464659,0.2336974158118506,862.4025030042917
23.20729677661448,0.23474731845661578,862.391462238347
23.20725503956445,0.23579719639749944,862.3804219919665
23.207213303496484,0.23684704963508285,862.3693822651277
23.20717156841055,0.23789687816994728,862.3583430578062
23.207129834306635,0.238946682002674,862.3473043699763
23.207088101184706,0.2399964611338442,862.336266201613
23.207046369044747,0.24104621556403913,862.3252285526939
23.20700463788673,0.24209594529383996,862.3141914231928
23.206962907710633,0.24314565032382793,862.303154813087
23.206921178516435,0.24419533065458418,862.292118722351
23.20687945030411,0.2452449862866899,862.2810831509602
23.20683772307364,0.24629461722072624,862.2700480988898
23.206795996824997,0.24734422345727433,862.2590135661169
23.20675427155816,0.24839380499691532,862.2479795526151
23.206712547273106,0.2494433618402303,862.2369460583617
23.206670823969812,0.25049289398780034,862.2259130833311
23.206629101648254,0.25154240144020656,862.2148806274995
23.20658738030841,0.25259188419803,862.2038486908427
23.206545659950255,0.25364134226185175,862.1928172733357
23.206503940573768,0.25469077563225284,862.1817863749534
23.206462222178924,0.25574018430981427,862.1707559956732
23.206420504765703,0.25678956829511707,862.1597261354693
23.206378788334078,0.2578389275887423,862.1486967943167
23.20633707288403,0.2588882621912708,862.1376679721932
23.20629535841553,0.2599375721032837,862.1266396690726
23.20625364492856,0.2609868573253619,862.1156118849304
23.206211932423095,0.26203611785808634,862.1045846197443
23.20617022089911,0.26308535370203795,862.0935578734868
23.206128510356585,0.2641345648577976,862.0825316461362
23.206086800795497,0.26518375132594635,862.0715059376662
23.20604509221582,0.266232913107065,862.0604807480526
23.206003384617535,0.2672820502017344,862.0494560772718
23.205961678000616,0.2683311626105354,862.0384319252988
23.20591997236504,0.26938025033404894,862.0274082921094
23.205878267710787,0.2704293133728558,862.0163851776799
23.20583656403783,0.2714783517275368,862.0053625819844
23.20579486134615,0.2725273653986728,861.9943405050003
23.20575315963572,0.27357635438684447,861.9833189467014
23.205711458906517,0.27462531869263274,861.9722979070641
23.20566975915852,0.2756742583166183,861.9612773860639
23.205628060391707,0.2767231732593819,861.9502573836766
23.20558636260605,0.2777720635215043,861.9392378998775
23.20554466580153,0.2788209291035662,861.9282189346424
23.20550296997812,0.2798697700061484,861.9172004879464
23.205461275135804,0.2809185862298315,861.9061825597665
23.20541958127455,0.28196737777519626,861.8951651500765
23.20537788839434,0.2830161446428233,861.8841482588537
23.205336196495153,0.28406488683329334,861.8731318860716
23.205294505576962,0.28511360434718697,861.8621160317081
23.205252815639746,0.28616229718508485,861.8511006957367
23.20521112668348,0.2872109653475676,861.8400858781353
23.205169438708143,0.28825960883521584,861.8290715788767
23.20512775171371,0.28930822764861014,861.8180577979392
23.20508606570016,0.29035682178833105,861.8070445352965
23.20504438066747,0.2914053912549592,861.7960317909259
23.205002696615615,0.29245393604907505,861.785019564802
23.204961013544573,0.2935024561712592,861.7740078569
23.20491933145432,0.29455095162209216,861.7629966671958
23.204877650344834,0.2955994224021544,861.7519859956654
23.20483597021609,0.2966478685120265,861.740975842284
23.20479429106807,0.2976962899522889,861.7299662070287
23.204752612900744,0.29874468672352206,861.7189570898728
23.204710935714097,0.2997930588263064,861.7079484907924
23.204669259508098,0.30084140626122247,861.6969404097645
23.204627584282726,0.3018897290288506,861.6859328467646
23.20458591003796,0.3029380271297712,861.6749258017664
23.204544236773778,0.3039863005645647,861.6639192747477
23.204502564490152,0.3050345493338115,861.6529132656824
23.204460893187065,0.306082773438092,861.6419077745477
23.204419222864487,0.3071309728779864,861.6309028013177
23.204377553522402,0.3081791476540752,861.6198983459693
23.20433588516078,0.30922729776693875,861.6088944084773
23.204294217779605,0.3102754232171573,861.5978909888178
23.20425255137885,0.3113235240053111,861.5868880869664
23.204210885958492,0.31237160013198056,861.575885702898
23.20416922151851,0.3134196515977459,861.5648838365896
23.204127558058875,0.31446767840318735,861.5538824880158
23.20408589557957,0.3155156805488852,861.5428816571525
23.20404423408057,0.3165636580354197,861.5318813439748
23.20400257356185,0.31761161086337103,861.5208815484598
23.203960914023394,0.31865953903331945,861.5098822705822
23.20391925546517,0.3197074425458451,861.4988835103169
23.20387759788716,0.32075532140152824,861.4878852676402
23.20383594128934,0.32180317560094895,861.4768875425287
23.203794285671687,0.32285100514468745,861.4658903349566
23.203752631034178,0.3238988100333238,861.4548936449006
23.203710977376787,0.3249465902674382,861.443897472336
23.203669324699494,0.3259943458476108,861.4329018172381
23.203627673002277,0.3270420767744216,861.4219066795814
23.203586022285112,0.3280897830484507,861.4109120593447
23.203544372547974,0.32913746467027827,861.3999179565016
23.20350272379084,0.33018512164048425,861.3889243710272
23.203461076013692,0.33123275395964874,861.3779313028988
23.203419429216503,0.3322803616283518,861.3669387520911
23.203377783399247,0.33332794464717336,861.3559467185795
23.203336138561905,0.3343755030166935,861.3449552023405
23.203294494704455,0.3354230367374922,861.3339642033486
23.20325285182687,0.3364705458101494,861.3229737215809
23.20321120992913,0.3375180302352451,861.3119837570125
23.20316956901121,0.3385654900133593,861.3009943096188
23.203127929073087,0.3396129251450718,861.2900053793747
23.20308629011474,0.34066033563096265,861.2790169662572
23.203044652136146,0.34170772147161166,861.2680290702422
23.20300301513728,0.3427550826675988,861.2570416913038
23.20296137911812,0.3438024192195039,861.2460548294183
23.202919744078642,0.34484973112790684,861.235068484562
23.202878110018823,0.3458970183933875,861.2240826567098
23.20283647693864,0.3469442810165257,861.2130973458388
23.20279484483807,0.34799151899790126,861.202112551922
23.20275321371709,0.349038732338094,861.191128274938
23.20271158357568,0.3500859210376837,861.1801445148601
23.202669954413814,0.35113308509725016,861.169161271666
23.20262832623147,0.3521802245173732,861.1581785453296
23.202586699028622,0.3532273392986325,861.1471963358282
23.202545072805247,0.3542744294416078,861.136214643136
23.202503447561327,0.3553214949468789,861.1252334672296
23.202461823296833,0.35636853581502553,861.114252808084
23.202420200011748,0.35741555204662734,861.1032726656757
23.202378577706046,0.35846254364226404,861.0922930399797
23.202336956379703,0.3595095106025153,861.0813139309727
23.202295336032698,0.36055645292796074,861.0703353386284
23.202253716665005,0.3616033706191801,861.0593572629249
23.202212098276604,0.3626502636767529,861.0483797038352
23.20217048086747,0.36369713210125887,861.0374026613378
23.20212886443758,0.36474397589327756,861.0264261354065
23.20208724898691,0.36579079505338863,861.0154501260176
23.20204563451544,0.3668375895821716,861.0044746331478
23.202004021023146,0.36788435948020604,860.9934996567703
23.201962408510006,0.3689311047480715,860.982525196863
23.201920796975994,0.36997782538634755,860.971551253401
23.20187918642109,0.3710245213956137,860.96057782636
23.201837576845264,0.37207119277644946,860.9496049157149
23.2017959682485,0.37311783952943434,860.9386325214426
23.201754360630776,0.37416446165514783,860.9276606435176
23.201712753992066,0.3752110591541694,860.9166892819165
23.20167114833235,0.3762576320270785,860.9057184366145
23.2016295436516,0.37730418027445456,860.8947481075883
23.201587939949793,0.378350703896877,860.8837782948128
23.201546337226908,0.37939720289492534,860.8728089982632
23.201504735482924,0.3804436772691789,860.8618402179158
23.201463134717816,0.381490127020217,860.8508719537473
23.201421534931562,0.38253655214861915,860.839904205731
23.201379936124138,0.3835829526549646,860.8289369738447
23.201338338295518,0.38462932853983284,860.8179702580629
23.20129674144568,0.3856756798038031,860.8070040583626
23.201255145574606,0.3867220064474547,860.7960383747189
23.201213550682272,0.387768308471367,860.7850732071068
23.20117195676865,0.3888145858761193,860.7741085555017
23.20113036383372,0.38986083866229077,860.7631444198821
23.20108877187746,0.3909070668304608,860.7521808002208
23.201047180899845,0.3919532703812086,860.7412176964941
23.201005590900852,0.3929994493151134,860.7302551086785
23.20096400188046,0.3940456036327544,860.719293036749
23.200922413838647,0.3950917333347109,860.7083314806827
23.200880826775386,0.3961378384215621,860.6973704404542
23.200839240690655,0.39718391889388704,860.6864099160381
23.20079765558443,0.398229974752265,860.675449907413
23.20075607145669,0.39927600599727514,860.6644904145513
23.200714488307412,0.40032201262949657,860.6535314374322
23.20067290613657,0.40136799464950845,860.6425729760288
23.200631324944148,0.40241395205788993,860.6316150303171
23.200589744730117,0.40345988485522005,860.6206576002744
23.200548165494457,0.40450579304207795,860.6097006858746
23.200506587237143,0.4055516766190427,860.5987442870947
23.20046500995815,0.40659753558669326,860.5877884039104
23.20042343365746,0.4076433699456088,860.5768330362963
23.200381858335046,0.4086891796963683,860.5658781842293
23.200340283990887,0.40973496483955085,860.5549238476847
23.200298710624956,0.4107807253757354,860.5439700266382
23.200257138237237,0.41182646130550093,860.5330167210659
23.2002155668277,0.41287217262942644,860.5220639309426
23.20017399639633,0.41391785934809094,860.5111116562458
23.200132426943096,0.4149635214620733,860.5001598969492
23.20009085846798,0.41600915897195256,860.4892086530292
23.200049290970956,0.4170547718783076,860.478257924463
23.200007724452004,0.4181003601817173,860.4673077112242
23.199966158911096,0.4191459238827606,860.4563580132905
23.199924594348214,0.4201914629820164,860.4454088306361
23.199883030763335,0.4212369774800635,860.434460163237
23.199841468156432,0.4222824673774808,860.4235120110696
23.199799906527485,0.4233279326748472,860.4125643741098
23.199758345876468,0.42437337337274145,860.4016172523322
23.19971678620336,0.4254187894717424,860.3906706457138
23.19967522750814,0.42646418097242883,860.37972455423
23.199633669790785,0.4275095478753796,860.3687789778555
23.199592113051267,0.42855489018117343,860.3578339165673
23.199550557289566,0.4296002078903891,860.3468893703413
23.19950900250566,0.4306455010036054,860.3359453391519
23.199467448699526,0.43169076952140095,860.3250018229762
23.19942589587114,0.4327360134443546,860.3140588217892
23.19938434402048,0.433781232773045,860.3031163355674
23.19934279314752,0.4348264275080508,860.292174364286
23.19930124325224,0.43587159764995076,860.281232907921
23.199259694334614,0.4369167431993235,860.2702919664471
23.199218146394625,0.4379618641567477,860.2593515398415
23.199176599432246,0.439006960522802,860.2484116280798
23.199135053447453,0.44005203229806505,860.2374722311375
23.199093508440225,0.4410970794831154,860.2265333489902
23.199051964410536,0.44214210207853166,860.2155949816142
23.199010421358366,0.4431871000848924,860.2046571289842
23.19896887928369,0.4442320735027763,860.1937197910768
23.198927338186486,0.44527702233276184,860.1827829678683
23.19888579806673,0.44632194657542756,860.1718466593333
23.1988442589244,0.44736684623135203,860.1609108654477
23.198802720759474,0.44841172130111373,860.1499755861885
23.19876118357193,0.4494565717852912,860.1390408215303
23.19871964736174,0.4505013976844629,860.1281065714493
23.19867811212889,0.45154619899920734,860.1171728359208
23.198636577873344,0.452590975730103,860.1062396149212
23.198595044595088,0.45363572787772827,860.0953069084267
23.198553512294097,0.4546804554426616,860.0843747164125
23.19851198097035,0.45572515842548145,860.0734430388541
23.19847045062382,0.4567698368267662,860.0625118757268
23.198428921254486,0.45781449064709423,860.0515812270078
23.198387392862326,0.458859119887044,860.0406510926726
23.198345865447315,0.45990372454719375,860.0297214726959
23.198304339009432,0.460948304628122,860.0187923670544
23.198262813548656,0.4619928601304069,860.0078637757241
23.198221289064957,0.46303739105462693,859.9969356986803
23.19817976555832,0.46408189740136035,859.9860081358988
23.198138243028716,0.4651263791711855,859.9750810873556
23.198096721476123,0.46617083636468054,859.964154553027
23.19805520090052,0.4672152689824239,859.9532285328872
23.198013681301884,0.4682596770249937,859.942303026913
23.19797216268019,0.4693040604929683,859.9313780350811
23.197930645035417,0.4703484193869259,859.9204535573664
23.197889128367542,0.4713927537074447,859.9095295937443
23.19784761267654,0.47243706345510295,859.898606144191
23.19780609796239,0.47348134863047875,859.887683208683
23.197764584225066,0.4745256092341504,859.876760787195
23.197723071464548,0.47556984526669593,859.8658388797039
23.197681559680813,0.4766140567286936,859.8549174861838
23.19764004887384,0.4776582436207215,859.8439966066128
23.1975985390436,0.4787024059433578,859.833076240964
23.197557030190076,0.4797465436971805,859.8221563892166
23.197515522313243,0.4807906568827678,859.8112370513431
23.197474015413075,0.4818347455006977,859.8003182273211
23.197432509489552,0.4828788095515484,859.7893999171265
23.19739100454265,0.48392284903589783,859.7784821207342
23.197349500572344,0.4849668639543241,859.7675648381218
23.197307997578616,0.4860108543074052,859.7566480692627
23.19726649556144,0.48705482009571915,859.7457318141344
23.197224994520795,0.488098761319844,859.7348160727117
23.197183494456656,0.48914267798035765,859.7239008449708
23.197141995369,0.49018657007783817,859.7129861308881
23.197100497257807,0.49123043761286345,859.702071930439
23.197059000123048,0.49227428058601147,859.6911582435993
23.197017503964705,0.49331809899786017,859.6802450703443
23.196976008782755,0.4943618928489874,859.6693324106509
23.196934514577173,0.4954056621399711,859.6584202644948
23.196893021347936,0.4964494068713892,859.647508631851
23.19685152909502,0.4974931270438196,859.6365975126957
23.196810037818405,0.4985368226578401,859.6256869070049
23.19676854751807,0.49958049371402863,859.6147768147536
23.196727058193986,0.500624140212963,859.6038672359194
23.19668556984613,0.5016677621552209,859.592958170477
23.196644082474485,0.5027113595413804,859.5820496184022
23.196602596079025,0.503754932372019,859.5711415796711
23.196561110659726,0.5047984806477147,859.5602340542588
23.196519626216567,0.5058420043690453,859.5493270421432
23.196478142749523,0.5068855035365883,859.5384205432972
23.196436660258573,0.5079289781509218,859.5275145576999
23.196395178743693,0.5089724282126231,859.5166090853241
23.19635369820486,0.5100158537222702,859.5057041261466
23.19631221864205,0.5110592546804408,859.4947996801448
23.19627074005524,0.5121026310877125,859.4838957472926
23.19622926244441,0.5131459829446631,859.4729923275672
23.19618778580954,0.5141893102518701,859.4620894209444
23.196146310150596,0.5152326130099112,859.4511870273979
23.196104835467562,0.5162758912193641,859.4402851469061
23.196063361760416,0.5173191448808064,859.4293837794443
23.196021889029133,0.5183623739948157,859.4184829249883
23.19598041727369,0.5194055785619694,859.4075825835125
23.195938946494067,0.5204487585828454,859.3966827549946
23.195897476690234,0.5214919140580212,859.3857834394091
23.195856007862176,0.5225350449880742,859.374884636734
23.195814540009867,0.5235781513735821,859.3639863469429
23.19577307313328,0.5246212332151222,859.3530885700125
23.1957316072324,0.5256642905132722,859.3421913059185
23.195690142307196,0.5267073232686096,859.331294554637
23.19564867835765,0.5277503314817118,859.3203983161435
23.19560721538374,0.5287933151531563,859.3095025904144
23.195565753385438,0.5298362742835205,859.2986073774251
23.195524292362723,0.530879208873382,859.287712677152
23.195482832315573,0.5319221189233182,859.2768184895702
23.195441373243966,0.5329650044339064,859.2659248146564
23.195399915147878,0.534007865405724,859.2550316523863
23.195358458027286,0.5350507018393484,859.2441390027351
23.195317001882167,0.5360935137353572,859.2332468656804
23.195275546712498,0.5371363010943275,859.2223552411959
23.195234092518255,0.5381790639168368,859.2114641292577
23.195192639299417,0.5392218022034623,859.2005735298429
23.195151187055963,0.5402645159547814,859.1896834429274
23.195109735787867,0.5413072051713714,859.1787938684863
23.195068285495104,0.5423498698538096,859.167904806496
23.195026836177654,0.5433925100026733,859.1570162569323
23.194985387835494,0.5444351256185398,859.1461282197705
23.1949439404686,0.5454777167019862,859.1352406949867
23.194902494076953,0.5465202832535899,859.1243536825565
23.194861048660524,0.5475628252739281,859.1134671824573
23.194819604219294,0.5486053427635779,859.1025811946632
23.194778160753238,0.5496478357231166,859.0916957191522
23.194736718262334,0.5506903041531214,859.0808107558972
23.194695276746558,0.5517327480541694,859.0699263048767
23.194653836205887,0.5527751674268377,859.0590423660655
23.194612396640302,0.5538175622717036,859.0481589394398
23.194570958049773,0.5548599325893442,859.0372760249743
23.194529520434283,0.5559022783803366,859.0263936226471
23.194488083793807,0.5569445996452579,859.0155117324327
23.194446648128324,0.5579868963846851,859.0046303543074
23.194405213437808,0.5590291685991955,858.9937494882463
23.194363779722238,0.560071416289366,858.9828691342266
23.19432234698159,0.5611136394557736,858.9719892922232
23.194280915215842,0.5621558380989955,858.9611099622126
23.19423948442497,0.5631980122196085,858.9502311441698
23.19419805460895,0.5642401618181898,858.9393528380716
23.19415662576776,0.5652822868953163,858.9284750438936
23.19411519790138,0.5663243874515651,858.917597761613
23.194073771009784,0.5673664634875131,858.9067209912031
23.19403234509295,0.5684085150037372,858.8958447326413
23.193990920150856,0.5694505420008145,858.884968985904
23.19394949618348,0.5704925444793216,858.8740937509664
23.19390807319079,0.5715345224398358,858.8632190278046
23.193866651172776,0.5725764758829338,858.8523448163943
23.193825230129406,0.5736184048091925,858.8414711167112
23.193783810060662,0.5746603092191888,858.8305979287325
23.19374239096652,0.5757021891134995,858.8197252524324
23.193700972846955,0.5767440444927014,858.8088530877881
23.193659555701945,0.5777858753573716,858.7979814347742
23.193618139531466,0.5788276817080866,858.7871102933684
23.1935767243355,0.5798694635454235,858.7762396635454
23.19353531011402,0.5809112208699588,858.7653695452814
23.193493896867,0.5819529536822695,858.7544999385534
23.193452484594424,0.5829946619829324,858.7436308433349
23.193411073296264,0.5840363457725241,858.7327622596043
23.1933696629725,0.5850780050516213,858.7218941873359
23.193328253623108,0.5861196398208008,858.7110266265057
23.193286845248064,0.5871612500806395,858.7001595770904
23.19324543784735,0.5882028358317137,858.689293039066
23.193204031420937,0.5892443970746004,858.6784270124073
23.193162625968803,0.5902859338098762,858.667561497092
23.193121221490927,0.5913274460381176,858.6566964930948
23.193079817987286,0.5923689337599014,858.6458320003915
23.193038415457856,0.5934103969758042,858.6349680189583
23.192997013902616,0.5944518356864027,858.6241045487724
23.19295561332154,0.5954932498922734,858.6132415898073
23.19291421371461,0.5965346395939928,858.6023791420404
23.192872815081795,0.5975760047921376,858.5915172054484
23.19283141742308,0.5986173454872843,858.5806557800059
23.19279002073844,0.5996586616800096,858.5697948656886
23.19274862502785,0.6006999533708899,858.5589344624743
23.192707230291287,0.6017412205605017,858.5480745703368
23.19266583652873,0.6027824632494215,858.537215189254
23.192624443740154,0.603823681438226,858.5263563192007
23.19258305192554,0.6048648751274913,858.5154979601526
23.19254166108486,0.6059060443177943,858.504640112086
23.192500271218094,0.6069471890097111,858.4937827749764
23.19245888232522,0.6079883092038183,858.4829259488014
23.19241749440621,0.6090294049006924,858.4720696335359
23.192376107461047,0.6100704761009096,858.4612138291543
23.192334721489708,0.6111115228050464,858.4503585356352
23.192293336492167,0.6121525450136793,858.4395037529538
23.1922519524684,0.6131935427273846,858.4286494810856
23.19221056941839,0.6142345159467386,858.4177957200056
23.192169187342106,0.6152754646723176,858.4069424696916
23.192127806239533,0.6163163889046981,858.3960897301191
23.19208642611064,0.6173572886444563,858.3852375012632
23.192045046955414,0.6183981638921685,858.3743857831003
23.192003668773825,0.619439014648411,858.3635345756069
23.19196229156585,0.6204798409137601,858.352683878758
23.19192091533147,0.621520642688792,858.3418336925301
23.19187954007066,0.6225614199740831,858.3309840169004
23.191838165783395,0.6236021727702095,858.3201348518426
23.191796792469653,0.6246429010777474,858.3092861973338
23.19175542012941,0.6256836048972731,858.2984380533505
23.19171404876265,0.6267242842293629,858.2875904198672
23.191672678369343,0.6277649390745927,858.2767432968611
23.19163130894947,0.6288055694335389,858.2658966843079
23.191589940503007,0.6298461753067776,858.2550505821833
23.19154857302993,0.6308867566948848,858.2442049904633
23.191507206530215,0.6319273135984368,858.2333599091246
23.191465841003843,0.6329678460180097,858.222515338143
23.191424476450788,0.6340083539541795,858.2116712774937
23.191383112871026,0.6350488374075224,858.2008277271528
23.191341750264538,0.6360892963786144,858.1899846870975
23.191300388631298,0.6371297308680316,858.1791421573016
23.191259027971284,0.63817014087635,858.1683001377435
23.191217668284477,0.6392105264041458,858.1574586283972
23.19117630957085,0.6402508874519948,858.1466176292396
23.191134951830378,0.641291224020473,858.1357771402475
23.19109359506304,0.6423315361101565,858.1249371613959
23.191052239268817,0.6433718237216213,858.1140976926604
23.19101088444768,0.6444120868554433,858.1032587340176
23.190969530599613,0.6454523255121984,858.0924202854438
23.190928177724587,0.6464925396924627,858.0815823469138
23.19088682582258,0.647532729396812,858.0707449184049
23.19084547489357,0.6485728946258221,858.0599079998935
23.19080412493754,0.6496130353800692,858.0490715913531
23.190762775954457,0.6506531516601289,858.0382356927626
23.190721427944304,0.6516932434665773,858.027400304096
23.190680080907057,0.6527333107999901,858.0165654253302
23.190638734842693,0.6537733536609431,858.005731056442
23.190597389751186,0.6548133720500123,857.9948971974055
23.19055604563252,0.6558533659677734,857.9840638481978
23.190514702486666,0.6568933354148023,857.9732310087941
23.190473360313604,0.6579332803916748,857.962398679172
23.19043201911331,0.6589732008989665,857.9515668593064
23.190390678885763,0.6600130969372533,857.9407355491725
23.190349339630938,0.6610529685071108,857.9299047487488
23.19030800134881,0.6620928156091149,857.9190744580084
23.19026666403936,0.6631326382438413,857.9082446769294
23.190225327702564,0.6641724364118656,857.8974154054878
23.1901839923384,0.6652122101137636,857.8865866436578
23.190142657946843,0.6662519593501111,857.8757583914175
23.190101324527873,0.6672916841214834,857.8649306487412
23.190059992081466,0.6683313844284565,857.854103415606
23.190018660607596,0.6693710602716059,857.8432766919882
23.189977330106245,0.6704107116515071,857.8324504778627
23.189936000577386,0.6714503385687359,857.8216247732057
23.189894672020998,0.6724899410238679,857.8107995779952
23.189853344437058,0.6735295190174787,857.799974892204
23.189812017825545,0.6745690725501438,857.7891507158101
23.189770692186432,0.6756086016224386,857.77832704879
23.1897293675197,0.6766481062349389,857.7675038911179
23.189688043825324,0.6776875863882201,857.7566812427709
23.189646721103284,0.6787270420828578,857.7458591037253
23.189605399353553,0.6797664733194274,857.735037473957
23.189564078576108,0.6808058800985045,857.7242163534419
23.18952275877093,0.6818452624206646,857.7133957421562
23.189481439937992,0.682884620286483,857.702575640075
23.189440122077276,0.6839239536965352,857.6917560471754
23.189398805188755,0.6849632626513967,857.6809369634332
23.189357489272407,0.686002547151643,857.670118388824
23.189316174328212,0.6870418071978494,857.6593003233241
23.189274860356143,0.6880810427905911,857.6484827669104
23.189233547356178,0.6891202539304438,857.6376657195575
23.189192235328296,0.6901594406179828,857.626849181242
23.18915092427247,0.6911986028537834,857.6160331519408
23.189109614188684,0.6922377406384209,857.6052176316288
23.189068305076912,0.6932768539724707,857.5944026202827
23.18902699693713,0.6943159428565081,857.583588117878
23.188985689769314,0.6953550072911084,857.5727741243903
23.188944383573443,0.696394047276847,857.5619606397976
23.188903078349494,0.697433062814299,857.5511476640739
23.188861774097443,0.6984720539040397,857.5403351971966
23.18882047081727,0.6995110205466443,857.5295232391416
23.18877916850895,0.7005499627426881,857.5187117898835
23.18873786717246,0.7015888804927464,857.5079008494002
23.188696566807778,0.7026277737973943,857.4970904176669
23.18865526741488,0.703666642657207,857.4862804946597
23.188613968993746,0.7047054870727597,857.4754710803554
23.18857267154435,0.7057443070446275,857.4646621747278
23.18853137506667,0.7067831025733857,857.4538537777557
23.188490079560683,0.7078218736596094,857.443045889414
23.188448785026367,0.7088606203038735,857.4322385096787
23.188407491463696,0.7098993425067535,857.4214316385263
23.18836619887265,0.7109380402688241,857.410625275933
23.188324907253207,0.7119767135906607,857.3998194218731
23.188283616605343,0.7130153624728383,857.3890140763241
23.188242326929036,0.7140539869159318,857.3782092392621
23.18820103822426,0.7150925869205164,857.3674049106638
23.188159750490996,0.716131162487167,857.356601090504
23.188118463729218,0.7171697136164588,857.3457977787593
23.188077177938904,0.7182082403089666,857.3349949754057
23.188035893120034,0.7192467425652656,857.3241926804188
23.187994609272582,0.7202852203859306,857.3133908937756
23.187953326396528,0.7213236737715366,857.3025896154518
23.187912044491846,0.7223621027226587,857.2917888454228
23.187870763558514,0.7234005072398716,857.2809885836659
23.18782948359651,0.7244388873237504,857.2701888301567
23.18778820460581,0.7254772429748699,857.2593895848717
23.187746926586392,0.7265155741938051,857.2485908477854
23.187705649538234,0.7275538809811307,857.2377926188759
23.18766437346131,0.7285921633374217,857.2269948981168
23.187623098355598,0.7296304212632531,857.2161976854875
23.187581824221077,0.7306686547591994,857.2054009809608
23.187540551057726,0.7317068638258357,857.1946047845156
23.18749927886552,0.7327450484637368,857.1838090961257
23.187458007644434,0.7337832086734773,857.1730139157684
23.187416737394447,0.7348213444556322,857.16221924342
23.187375468115537,0.7358594558107762,857.1514250790563
23.18733419980768,0.7368975427394839,857.1406314226525
23.187292932470854,0.7379356052423303,857.1298382741858
23.187251666105034,0.7389736433198899,857.1190456336319
23.1872104007102,0.7400116569727376,857.1082535009676
23.187169136286325,0.7410496462014481,857.0974618761669
23.18712787283339,0.742087611006596,857.0866707592083
23.187086610351372,0.7431255513887561,857.0758801500675
23.187045348840247,0.744163467348503,857.0650900487195
23.187004088299993,0.7452013588864114,857.0543004551404
23.186962828730586,0.7462392260030557,857.043511369308
23.186921570132004,0.7472770686990108,857.0327227911959
23.186880312504226,0.7483148869748512,857.0219347207822
23.186839055847223,0.7493526808311515,857.011147158043
23.186797800160978,0.7503904502684863,857.0003601029534
23.186756545445466,0.7514281952874302,856.9895735554896
23.186715291700665,0.7524659158885577,856.9787875156284
23.18667403892655,0.7535036120724434,856.9680019833455
23.186632787123102,0.7545412838396618,856.9572169586166
23.186591536290297,0.7555789311907875,856.9464324414186
23.186550286428112,0.7566165541263947,856.9356484317277
23.18650903753652,0.7576541526470583,856.9248649295187
23.186467789615506,0.7586917267533525,856.9140819347695
23.18642654266504,0.7597292764458519,856.9032994474545
23.186385296685103,0.7607668017251308,856.8925174675505
23.18634405167567,0.7618043025917638,856.8817359950345
23.186302807636718,0.7628417790463252,856.8709550298814
23.186261564568227,0.7638792310893895,856.8601745720686
23.186220322470174,0.764916658721531,856.8493946215708
23.186179081342534,0.7659540619433242,856.8386151783652
23.186137841185282,0.7669914407553433,856.8278362424277
23.1860966019984,0.7680287951581628,856.8170578137327
23.186055363781865,0.7690661251523571,856.8062798922599
23.18601412653565,0.7701034307385003,856.795502477982
23.185972890259734,0.7711407119171669,856.7847255708764
23.185931654954096,0.7721779686889312,856.7739491709204
23.185890420618712,0.7732152010543674,856.7631732780881
23.18584918725356,0.7742524090140497,856.7523978923571
23.185807954858614,0.7752895925685525,856.7416230137035
23.185766723433854,0.77632675171845,856.7308486421028
23.185725492979255,0.7773638864643164,856.7200747775308
23.185684263494796,0.778400996806726,856.709301419964
23.185643034980455,0.779438082746253,856.6985285693792
23.185601807436207,0.7804751442834716,856.6877562257522
23.18556058086203,0.781512181418956,856.6769843890593
23.185519355257906,0.7825491941532802,856.6662130592757
23.185478130623803,0.7835861824870184,856.6554422363783
23.185436906959705,0.7846231464207448,856.6446719203436
23.185395684265586,0.7856600859550336,856.6339021111462
23.185354462541426,0.7866970010904587,856.6231328087639
23.1853132417872,0.7877338918275943,856.6123640131735
23.185272022002884,0.7887707581670147,856.6015957243478
23.185230803188457,0.7898076001092936,856.5908279422671
23.185189585343895,0.7908444176550053,856.5800606669042
23.18514836846918,0.7918812108047238,856.5692938982364
23.18510715256428,0.7929179795590231,856.5585276362413
23.18506593762918,0.7939547239184772,856.5477618808925
23.185024723663854,0.7949914438836602,856.536996632168
23.18498351066828,0.7960281394551459,856.5262318900441
23.184942298642433,0.7970648106335085,856.515467654496
23.184901087586294,0.7981014574193218,856.5047039254996
23.184859877499836,0.7991380798131599,856.4939407030317
23.18481866838304,0.8001746778155966,856.483177987069
23.184777460235882,0.8012112514272058,856.4724157775859
23.18473625305834,0.8022478006485616,856.4616540745603
23.18469504685039,0.8032843254802376,856.4508928779686
23.184653841612008,0.804320825922808,856.440132187785
23.18461263734317,0.8053573019768464,856.4293720039874
23.18457143404386,0.8063937536429269,856.4186123265507
23.18453023171405,0.8074301809216231,856.4078531554529
23.184489030353717,0.808466583813509,856.397094490668
23.18444782996284,0.8095029623191583,856.3863363321731
23.184406630541393,0.8105393164391449,856.3755786799449
23.184365432089358,0.8115756461740425,856.3648215339601
23.18432423460671,0.812611951524425,856.354064894192
23.184283038093422,0.813648232490866,856.3433087606201
23.18424184254948,0.8146844890739394,856.3325531332185
23.18420064797485,0.8157207212742188,856.321798011964
